"","Maximum.vertical.height","Number.of.fertile.stamens","Number.of.ovules.per.carpel","Number.of.carpels","Fusion.of.ovaries","Flower.size","seedMass_merge.Seed_weight","Woodiness_herbaceous","Woodiness_woody","Climbing_climbing","Climbing_non.climbing","Aquatic_aquatic","Aquatic_non.aquatic","SexualSystem_dimorphic","SexualSystem_monomorphic","Lifespan_long","Lifespan_short","Mating_mixed","Mating_outcrossing","Mating_selfing","Pollination_abiotic","Pollination_autonomous","Pollination_biotic","Dispersal_abiotic","Dispersal_autonomous","Dispersal_biotic","Dispersal_long","Dispersal_short","FlowerSex_bisexual","FlowerSex_unisexual","FloralReward_nectar","FloralReward_none","FloralReward_other","FloralReward_pollen","FlowerSymmetry_actinomorphic","FlowerSymmetry_other","FlowerSymmetry_zygomorphic","Showiness_bright","Showiness_dull"
"Abolboda_pulchella",-3.67945830118799,-2.82418394881254,-2.37737373841529,-0.742481192874078,1.00535673594299,-2.33829381606475,-8.5212951096902,"1","0","0","1","0","1","0","1","1","0","0","1","0","0","0","1","1","0","0","1","0","1","0","1","0","0","0","0","0","1","1","0"
"Achatocarpus_praecox",-0.279859411901532,-1.15020751524086,-4.73822773953331,-1.09101083076309,1.07870894414484,-2.25825110839121,-4.94661445095001,"0","1","0","1","0","1","1","0","1","0","0","1","0","0","0","1","0","0","1","1","0","0","1","1","0","0","0","1","0","0","1","1"
"Acorus_calamus",-1.91586970892663,-2.13103676825259,-3.23415034275704,-0.685545722654928,1.07870894414484,-2.87729031679743,-6.69186127216151,"1","0","0","1","0","1","0","1","1","0","0","1","0","0","0","1","1","0","0","1","0","1","0","0","0","1","0","0","0","1","1","1"
"Actinidia_chinensis",-0.866047584427954,1.1206288794386,-2.0301775384311,1.58313781866344,1.07870894414484,-0.188471477623111,-7.53558131120083,"0","1","1","0","0","1","1","0","1","0","0","1","0","1","0","1","0","0","1","1","0","0","1","0","1","0","1","1","0","0","1","0"
"Aerva_javanica",-2.47548549686205,-2.31335832504655,-4.73822773953331,-0.867867279448883,1.07870894414484,-3.43690610473286,-9.24345929644818,"1","1","0","1","0","1","1","0","1","0","0","1","0","0","0","1","1","0","0","1","0","0","1","1","0","0","0","1","0","0","1","0"
"Aextoxicon_punctatum",-0.0255904742923296,-2.21804814524222,-4.04508055897337,-1.78415801132304,0.927689691964562,-2.05061174361296,-2.22099082305395,"0","1","0","1","0","1","1","0","1","0","0","1","0","0","0","1","0","0","1","1","0","0","1","1","0","0","0","1","0","0","1","0"
"Agalinis_neoscotica",-3.05612197678359,-2.53650187636076,-2.46021053919602,-1.09101083076309,0.991333519669108,-1.6877062499236,-8.39998871105381,"1","0","0","1","0","1","0","1","0","1","1","0","0","0","0","1","1","0","0","1","0","1","0","1","0","0","0","0","0","1","1","0"
"Ailanthus_altissima",0.9257118848001,-1.6202111444866,-4.73822773953331,-0.174720098888937,1.00427802699885,-2.05061174361296,-4.6297053667687,"0","1","0","1","0","1","1","0","1","0","0","1","0","0","0","1","1","0","0","1","0","0","1","1","0","0","0","1","0","0","1","1"
"Ainsliaea_cordifolia",-2.94322534734676,-2.31489878218904,-2.77809475316965,-0.956606272286304,0.913666475690679,-1.56865253917799,-6.89082017302835,"1","0","0","1","0","1","0","1","1","0","0","1","0","0","0","1","1","0","0","1","0","1","0","1","0","0","0","1","0","0","1","0"
"Ajuga_reptans",-3.76646967817762,-2.53650187636076,-3.17679161304603,-1.09101083076309,1.07870894414484,-1.58845129182826,-7.69077420060653,"1","0","0","1","0","1","1","1","1","0","0","1","0","0","0","1","0","0","1","0","1","1","1","1","0","0","1","0","0","1","1","0"
"Akebia_quinata",-0.22419369825556,-2.13103676825259,0.272407554562942,0.00760145790501712,0,-1.73215801249443,-4.9851600543022,"0","1","1","0","0","1","0","1","1","0","0","1","0","0","0","1","0","1","0","0","1","0","1","0","1","0","1","1","0","0","1","0"
"Albizia_julibrissin",0.297103225377726,-0.703920412612445,-2.0301775384311,-1.78415801132304,0.778827857672575,-2.05061174361296,-4.38471669694917,"0","1","0","1","0","1","0","1","1","0","0","1","0","0","0","1","1","1","0","1","1","1","1","1","0","0","1","1","0","0","1","1"
"Alepis_flavida",-1.02882065007393,-2.21804814524222,-2.97685956326278,-0.956671294994741,0.938476781406011,-1.35746456305302,-5.34896405915533,"0","1","0","1","0","1","0","1","1","0","1","0","0","0","0","1","0","0","1","1","0","1","0","1","0","0","0","1","0","0","1","0"
"Allanblackia_floribunda",-0.700904518353692,1.29755958759768,1.48732029892721,-0.174720098888937,0.869439408980741,-0.218030279864655,-5.29615749309739,"0","1","0","1","0","1","1","0","1","0","0","1","0","0","0","1","0","0","1","1","0","0","1","1","0","0","0","1","0","0","1","0"
"Allium_sativum",-3.39850571628198,-2.13103676825259,-2.22042059339351,-0.685545722654928,0.967601922897921,-1.71146390235002,-8.62954815642799,"1","0","0","1","0","1","0","1","1","0","0","0","1","0","1","0","0","1","0","0","1","1","1","1","0","0","0","1","0","1","1","0"
"Allium_schoenoprasum",-3.31781650581415,-2.13103676825259,-2.38274862260356,-0.760473427064937,0.929847109852852,-1.78824747914547,-8.01563527630007,"1","0","0","1","0","1","0","1","1","0","0","1","0","0","0","1","0","1","0","0","1","1","0","1","0","0","0","1","0","0","1","0"
"Allocasuarina_verticillata",-0.442838235837968,-3.92279623748065,-4.73822773953331,-1.37869290321487,1.07870894414484,-1.93282870795658,-6.61929057932668,"0","1","0","1","0","1","1","0","1","0","0","1","0","1","0","0","1","0","0","1","0","0","1","0","1","0","0","1","0","0","1","0"
"Alluaudia_procera",0.232564704240155,-1.84335469580081,-4.73822773953331,-0.685545722654928,1.07870894414484,-3.43690610473286,-7.20807774456238,"0","1","0","1","0","1","1","0","1","0","0","1","0","0","0","1","1","0","0","1","0","0","1","1","0","0","0","0","1","0","1","1"
"Alnus_alnobetula",-0.172900403868009,-2.53650187636076,-4.33276263142515,-0.867867279448883,1.07870894414484,-2.71812694665715,-8.67892949371033,"0","1","0","1","0","1","0","1","1","0","0","1","0","1","0","0","1","0","0","1","0","0","1","0","1","0","0","1","0","0","0","1"
"Aloe_thraskii",-1.46388458518357,-2.13103676825259,-2.76378013472574,-0.819667363965702,0.919060020411404,-0.973052864142688,-5.7899175885577,"0","1","0","1","0","1","0","1","1","0","1","0","0","0","0","1","1","0","0","1","0","0","1","1","0","0","0","0","0","1","1","0"
"Alphitonia_excelsa",0.569036940861368,-2.31335832504655,-4.73822773953331,-0.685545722654928,1.0031993180547,-1.82746819229876,-4.91181892662121,"0","1","0","1","0","1","0","1","1","0","0","1","0","0","0","1","0","0","1","1","0","1","0","1","0","0","0","1","0","0","1","1"
"Alseuosmia_macrophylla",-1.61048805937545,-2.31335832504655,-0.796645931863623,-1.09101083076309,0.871596826869031,-0.505712352316436,-6.5945979667363,"0","1","0","1","0","1","0","1","1","0","0","1","0","0","0","1","0","0","1","1","0","1","0","1","0","0","0","1","0","0","1","0"
"Alstroemeria_aurea",-2.76316756931384,-2.13103676825259,-1.6701748043997,-0.685545722654928,0.765883350342837,-0.218030279864655,-5.0658940577762,"1","0","0","1","0","1","0","1","1","0","1","1","0","0","0","1","0","1","0","0","1","1","0","1","0","0","0","0","0","1","1","0"
"Alyssum_simplex",-4.37260548174794,-2.13103676825259,-4.04508055897337,-1.09101083076309,1.07870894414484,-3.21376255341865,-8.19191451863806,"1","0","0","1","0","1","0","1","0","1","0","0","1","0","0","1","1","0","0","1","0","1","0","1","0","0","0","1","0","0","1","0"
"Amborella_trichopoda",-0.396043955182219,-1.11943585657411,-4.73822773953331,-0.174720098888937,0,-2.74375892417291,-6.70539327838009,"0","1","0","1","0","1","1","0","1","0","0","1","0","1","0","1","0","1","1","1","1","0","1","0","1","1","0","1","0","0","1","0"
"Amsonia_tabernaemontana",-2.90626841295451,-2.31335832504655,-3.0036807898072,-1.09101083076309,0,-1.18561430612636,-3.57227126140467,"1","0","0","1","0","1","0","1","1","0","0","1","0","0","0","1","1","0","0","1","0","1","0","1","0","0","0","1","0","0","1","0"
"Anarthria_polyphylla",-4.7780705898561,-2.82418394881254,-4.73822773953331,-0.685545722654928,1.07870894414484,-2.60740427933863,-7.38699539402494,"1","0","0","1","0","1","1","0","1","0","0","1","0","1","0","0","1","0","0","1","0","0","1","0","1","0","0","1","0","0","0","1"
"Angelonia_pubescens",-2.83216044080079,-2.53650187636076,-3.80183289291683,-1.09101083076309,1.07870894414484,-1.49099595567754,-6.82444296177117,"1","0","0","1","0","1","0","1","0","1","0","0","1","0","0","1","0","0","1","1","0","1","0","0","0","1","0","0","0","1","1","0"
"Anigozanthos_humilis",-2.86747993445114,-2.13103676825259,-2.68160408124893,-0.811302149147127,0.987018683892528,-0.505712352316436,-8.65951140785323,"1","0","0","1","0","1","0","1","1","0","0","1","0","0","0","1","1","0","0","1","0","0","1","1","0","0","0","0","0","1","1","0"
"Annona_crassiflora",-1.54325497987297,-1.13097336146952,-3.89860028075344,-0.619036496073292,0.901800677305086,-0.648813195957109,0.683251328541433,"0","1","0","1","0","1","0","1","1","0","0","1","0","0","0","1","0","0","1","1","0","1","0","0","0","1","0","1","0","0","1","1"
"Antirrhinum_majus",-3.168632677422,-2.53650187636076,-2.07050688105659,-1.09101083076309,1.07870894414484,-0.546534346836691,-10.1258484766467,"1","0","0","1","0","1","0","1","1","0","0","1","0","0","0","1","0","1","0","0","1","1","0","0","0","0","1","0","0","1","1","0"
"Apium_graveolens",-2.47548549686205,-2.31335832504655,-4.73822773953331,-1.09101083076309,1.07870894414484,-3.72458817718464,-9.0843946018185,"1","0","0","1","0","1","0","1","0","1","1","0","0","0","0","1","1","0","0","1","0","1","0","1","0","0","0","1","0","0","1","0"
"Aquilegia_canadensis",-3.11984251325257,-0.23391678336671,-0.420739625997003,-0.174720098888937,0,-0.728855903630646,-7.85716493532829,"1","0","0","1","0","1","0","1","1","0","1","0","0","0","0","1","0","1","0","0","1","1","0","1","0","0","1","1","0","0","1","0"
"Arabidopsis_thaliana",-4.21845480192068,-2.13103676825259,-0.730894554300842,-1.09101083076309,1.07870894414484,-3.21376255341865,-11.9176079458747,"1","0","0","1","0","1","0","1","0","1","0","0","1","0","1","1","1","1","0","1","1","1","0","1","0","0","0","1","1","0","1","0"
"Aralidium_pinnatifidum",-2.75099857163373,-2.31335832504655,-5.43137492009326,-0.685545722654928,1.07870894414484,-3.21376255341865,-5.36067774240935,"0","1","0","1","0","1","1","0","1","0","0","1","0","0","0","1","1","0","0","1","0","0","1","1","0","0","0","1","0","0","1","0"
"Arctostaphylos_uva-ursi",-4.72928042568667,-1.6202111444866,-4.73822773953331,-0.174720098888937,1.07870894414484,-3.43690610473286,-5.08835489504753,"0","1","0","1","0","1","0","1","1","0","0","1","0","0","1","1","0","0","1","1","0","1","0","1","0","0","0","1","0","0","1","0"
"Arum_maculatum",-3.58414812138367,-2.67003326898528,-4.01685731552633,-1.04687805302364,0.970838049730356,-2.12890733894097,-3.38326269564091,"1","0","0","1","0","1","0","1","1","0","1","1","0","0","0","1","0","0","1","1","0","0","1","0","1","0","0","1","0","0","0","1"
"Asparagus_officinalis",-1.91586970892663,-2.13103676825259,-3.92142683954214,-0.685545722654928,1.07870894414484,-2.5206153728587,-4.91000733192286,"1","0","0","1","0","1","1","0","1","0","0","1","0","0","0","1","0","0","1","1","0","0","1","1","0","0","1","1","0","0","1","1"
"Astelia_alpina",-2.7240133210015,-2.13103676825259,-1.1547088010772,-0.685545722654928,1.07870894414484,-2.74375892417291,-7.86582299807141,"1","0","0","1","0","1","1","0","1","0","0","1","0","0","0","1","0","0","1","1","0","1","1","1","0","0","0","1","0","0","0","1"
"Audouinia_capitata",-3.39177622873621,-2.31335832504655,-2.94646827030526,-0.847994308873803,1.06252830998267,-1.82746819229876,-5.54654273572727,"0","1","0","1","0","1","0","1","1","0","0","1","0","0","0","1","1","0","0","1","0","1","0","1","0","0","0","1","0","0","1","0"
"Avicennia_marina",-1.06449852315179,-2.53650187636076,-4.04508055897337,-1.09101083076309,1.07870894414484,-2.34666206573526,0.125945770157686,"0","1","0","1","0","1","0","1","1","0","1","0","0","0","0","1","1","0","0","1","0","1","0","1","0","0","0","1","0","0","1","0"
"Azima_tetracantha",-2.58084601251988,-2.53650187636076,-4.73822773953331,-1.09101083076309,1.07870894414484,-0.574705223803388,-4.45596755366614,"0","1","0","1","0","1","1","0","1","0","0","1","0","0","0","1","0","0","1","1","0","0","1","1","0","0","0","1","0","0","1","1"
"Bagassa_guianensis",0.9257118848001,-2.82418394881254,-4.02626728668763,-0.845516066995699,0.992412228613252,-1.81968028697979,-2.69214278255774,"0","1","0","1","0","1","1","0","1","0","0","1","0","1","0","1","0","0","1","1","0","0","1","0","1","0","0","1","0","0","1","1"
"Balanophora_laxiflora",-3.06382553126308,-2.31335832504655,-3.58109645532553,-0.756205154309963,1.03016704165832,-1.42200308419059,-5.93278257612703,"1","0","0","1","0","1","1","0","1","0","0","1","0","0","0","1","1","0","0","1","0","0","1","1","0","0","0","0","0","1","1","0"
"Balanops_pancheri",-1.08919113574216,-2.31335832504655,-4.04508055897337,-1.09101083076309,1.07870894414484,-2.18920180783358,-3.55638411035534,"0","1","0","1","0","1","1","0","1","0","0","1","0","1","0","0","0","0","1","1","0","0","1","0","1","0","0","1","0","0","0","1"
"Bdallophytum_americanum",-4.27729530194361,-1.72557166014443,-3.50571336245168,0.467133787283457,0.735679499906781,-1.98412200234413,-6.07692239491965,"1","0","0","1","0","1","1","0","1","0","0","1","0","0","0","1","0","0","1","1","1","0","1","1","0","0","0","1","0","0","1","0"
"Begonia_heracleifolia",-3.00766840106189,-0.809280928270271,-1.46757392542409,-0.685545722654928,0.870518117924886,-1.6451466355048,-12.9392591934067,"1","0","0","1","0","1","0","1","1","1","1","0","0","0","0","1","0","1","0","0","1","1","0","1","0","0","1","0","0","1","1","0"
"Bergeranthus_multiceps",-2.80677611397741,1.2839539355419,-2.015176428131,-0.397376162749891,0.819818797550079,-1.13432101173881,-7.8486534924446,"1","0","0","1","0","1","0","1","1","0","0","1","0","0","0","1","1","0","0","1","0","1","0","1","0","0","1","1","0","0","1","0"
"Berteroa_incana",-2.83216044080079,-2.13103676825259,-2.77729502986392,-1.09101083076309,1.07870894414484,-3.03144099662469,-8.71893482832403,"1","0","0","1","0","1","0","1","1","1","0","1","0","0","0","1","1","0","0","1","0","1","0","1","0","0","0","1","0","0","1","0"
"Bertholletia_excelsa",1.43653750856609,0.81340221091385,-2.54100316219709,-0.397863650203147,1.07870894414484,-0.9111774604246,0.773972515437162,"0","1","0","1","0","1","0","1","1","0","0","1","0","0","0","1","0","0","1","1","0","1","0","1","0","0","1","0","0","1","1","0"
"Beta_vulgaris",-1.78233831630211,-2.31335832504655,-4.73822773953331,-0.867867279448883,1.07870894414484,-2.5206153728587,-5.20222455954003,"1","0","0","1","0","1","1","1","1","1","1","1","0","1","0","0","1","1","0","1","1","1","0","0","1","0","0","1","0","0","0","1"
"Bixa_orellana",-0.172900403868009,2.12929293144377,-0.895197605592118,-1.09101083076309,1.07870894414484,-0.323390795522481,-4.78351422468185,"0","1","0","1","0","1","0","1","1","0","1","1","0","0","0","1","0","0","1","0","1","1","0","0","0","0","1","1","0","0","1","0"
"Borago_officinalis",-3.168632677422,-2.31335832504655,-4.04508055897337,-1.09101083076309,1.07870894414484,-0.9111774604246,-5.22676566845615,"1","0","0","1","0","1","0","1","0","1","0","0","1","0","0","1","0","0","1","0","1","1","0","1","0","0","0","1","0","0","1","0"
"Brasenia_schreberi",-2.07002038875389,-0.645651504488469,-4.33276263142515,0.666847086789281,0,-1.13432101173881,-6.09160783849426,"1","0","0","1","1","1","0","1","1","0","1","0","0","1","0","0","1","0","0","1","0","1","0","0","1","0","0","1","0","0","1","1"
"Bretschneidera_sinensis",0.520246776691936,-1.84335469580081,-4.04508055897337,-0.685545722654928,1.07870894414484,-0.574705223803388,-3.18923244299169,"0","1","0","1","0","1","0","1","1","0","1","1","0","0","0","1","0","1","0","0","1","1","0","1","0","0","0","0","0","1","1","0"
"Bruguiera_gymnorhiza",1.07986256462736,-0.83175378412233,-3.53425493520738,-0.685545722654928,1.07870894414484,-0.648813195957109,2.01033804141935,"0","1","0","1","0","1","0","1","1","0","1","0","0","0","0","1","1","0","0","1","0","1","0","1","0","0","0","1","0","0","1","1"
"Buddleja_davidii",-0.866047584427954,-2.53650187636076,-2.42518867813165,-0.846110171251181,1.00859286277543,-2.25825110839121,-10.3081700334406,"0","1","0","1","0","1","0","1","1","0","0","1","0","0","0","1","1","0","0","1","0","1","0","1","0","0","0","1","0","0","1","0"
"Bursera_simaruba",-0.236684509589331,-1.6202111444866,-4.04508055897337,-0.716886790555686,1.01398640749615,-2.33829381606475,-3.24042401814953,"0","1","0","1","0","1","1","1","1","0","0","1","0","0","0","1","0","0","1","1","0","1","1","1","0","0","0","1","0","0","0","1"
"Butomus_umbellatus",-2.69862904817626,-1.72557166014443,-0.826204734105167,0.00760145790501712,0.533960927351697,-1.01653797608243,-9.72038336853849,"1","0","0","1","1","0","0","1","1","0","0","1","0","0","0","1","1","1","1","1","1","1","0","1","0","0","0","1","0","0","1","0"
"Buxus_balearica",-0.683726027634,-2.53650187636076,-3.35193337841342,-0.685545722654928,0.966523213953776,-2.33829381606475,-5.9973709080551,"0","1","0","1","0","1","0","1","1","0","0","1","0","1","0","1","0","1","1","0","1","0","1","1","1","0","0","1","0","0","0","1"
"Byrsonima_crassifolia",0.0502431474462006,-1.6202111444866,-4.73822773953331,-0.685545722654928,1.07870894414484,-1.6451466355048,-6.92717535909598,"0","1","0","1","0","1","0","1","1","0","0","0","1","0","0","1","0","0","1","1","0","1","0","0","0","1","0","0","0","1","1","0"
"Cabomba_caroliniana",-0.172900403868009,-2.13103676825259,-3.6396154508652,-0.685545722654928,0,-0.9111774604246,-7.87455667804016,"1","0","0","1","1","0","0","1","1","0","0","1","0","0","0","1","0","0","1","1","0","1","0","1","0","0","1","1","0","0","1","0"
"Calceolaria_purpurea",-2.22075810302486,-3.2296490569207,-2.19096098060302,-0.852237370565655,0.935240654573576,-1.58845129182826,-12.6107551264347,"1","0","0","1","0","1","0","1","1","0","0","1","0","0","0","1","1","0","0","1","0","1","0","0","0","1","0","0","0","1","1","0"
"Camellia_sinensis",-0.866047584427954,0.682373948507445,-3.35193337841342,-0.685545722654928,1.07870894414484,-0.815867280620276,-0.757657136504925,"0","1","0","1","0","1","0","1","1","0","0","1","0","0","0","1","0","0","1","1","0","1","0","1","0","0","0","1","0","0","1","0"
"Canacomyrica_monticola",-0.529575347806742,-2.13103676825259,-4.73822773953331,-1.78415801132304,0.950342579791604,-2.05164650968512,-3.68335366761985,"0","1","0","1","0","1","1","0","1","0","0","1","0","1","0","0","0","0","1","1","0","0","1","0","1","0","0","1","0","0","0","1"
"Canna_indica",-1.5591947649879,-4.61594341804059,-2.3326987004411,-0.685545722654928,1.07870894414484,-0.0357087230707004,-2.96119254955218,"1","0","0","1","0","1","0","1","1","0","0","0","1","0","0","1","0","1","0","0","1","1","0","1","0","0","0","0","1","0","1","0"
"Cannabis_sativa",-2.35715852096297,-2.31335832504655,-5.43137492009326,-1.09101083076309,1.07870894414484,-2.5206153728587,-5.10141986041807,"1","0","0","1","0","1","1","1","0","1","0","1","0","1","0","0","0","1","1","1","1","0","1","0","1","0","0","1","0","0","1","1"
"Capparis_zeylanica",-0.525698357841355,-0.298455304504281,-2.21154529134069,-0.612959327656885,0.981625139171804,0.369756385037464,-4.45243673590908,"0","1","0","1","0","1","0","1","1","0","0","1","0","0","0","1","0","0","1","1","0","1","0","1","0","0","0","1","0","0","1","0"
"Cardiocrinum_cordatum",-2.17538090441172,-2.13103676825259,1.00637672964314,-0.685545722654928,0.899643259416796,0.880582008803455,-6.73863733695924,"1","0","0","1","0","1","0","1","1","0","1","0","0","0","0","1","1","0","0","1","0","1","0","1","0","0","0","0","0","1","1","1"
"Carex_laxiflora",-2.59505223096907,-2.53460742221598,-4.73822773953331,-1.14271597699026,0.917981311467259,-2.13755449495254,-6.59345138675061,"1","0","0","1","0","1","0","1","1","0","0","0","1","1","0","0","1","0","0","1","0","0","1","0","1","0","0","1","0","0","0","1"
"Carica_papaya",-0.683726027634,-1.6202111444866,-3.45460732765025,-0.174720098888937,1.07870894414484,-0.441173831178865,-4.88675046975859,"0","1","0","1","0","1","1","0","1","0","0","1","1","0","1","1","0","0","1","1","0","0","1","1","1","0","1","1","0","0","1","0"
"Caryocar_brasiliense",-0.47603593851994,1.78098623717556,-2.424644349695,-0.53139504282767,0.992412228613252,-0.0357087230707004,-4.31183045422147,"0","1","0","1","0","1","0","1","1","0","0","1","0","0","0","1","0","0","1","1","0","1","0","1","0","0","0","1","0","0","1","0"
"Catalpa_speciosa",0.9257118848001,-3.2296490569207,-2.56605524232411,-1.09101083076309,1.07870894414484,-0.12272010006033,-5.07013359777751,"0","1","0","1","0","1","0","1","1","0","0","1","0","0","0","1","1","0","0","1","0","1","0","1","0","0","0","0","0","1","1","0"
"Catharanthus_roseus",-2.60901688948658,-2.31335832504655,-1.97629869824943,-1.09101083076309,0.987018683892528,-0.325615490544593,-7.64791049617475,"0","1","0","1","0","1","0","1","1","0","1","0","0","0","0","1","0","1","1","0","1","1","0","1","0","0","0","1","0","0","1","0"
"Caulophyllum_thalictroides",-3.07332249761768,-2.13103676825259,-3.92729752331698,-1.78415801132304,0.913666475690679,-1.93282870795658,-2.7141411428417,"1","0","0","1","0","1","0","1","1","0","1","0","0","0","0","1","0","0","1","1","0","1","0","1","0","0","0","1","0","0","1","0"
"Centroplacus_glaucinus",0.520246776691936,-2.31335832504655,-4.04508055897337,-0.685545722654928,1.07870894414484,-3.43690610473286,-5.6955174259956,"0","1","0","1","0","1","1","0","1","0","0","1","0","0","0","1","1","0","0","1","0","0","1","1","0","0","0","1","0","0","1","0"
"Ceratophyllum_demersum",-1.37687320819395,-3.92279623748065,-4.73822773953331,-1.78415801132304,0.447664211820109,-3.90690973397859,-6.78204406739139,"1","0","0","1","1","0","0","1","1","0","1","0","0","1","0","0","0","0","1","1","0","0","1","0","1","0","1","1","0","0","0","1"
"Cercidiphyllum_japonicum",0.9257118848001,-0.572892150206041,-1.71780285338895,-1.78415801132304,0,-1.90869006306926,-8.60342194120219,"0","1","0","1","0","1","1","0","1","0","0","1","0","1","0","0","1","0","0","1","0","0","1","0","1","0","0","1","0","0","0","1"
"Chimaphila_umbellata",-3.76646967817762,-1.6202111444866,-0.875179990605064,-0.174720098888937,1.07870894414484,-1.49099595567754,-14.2201930388688,"0","1","0","1","0","1","0","1","1","0","0","1","0","0","0","1","0","1","0","0","1","1","0","1","0","0","1","1","0","0","1","0"
"Chimonanthus_praecox",-0.396043955182219,-1.97688608842533,-4.04508055897337,0.413066566013182,0,-0.815867280620276,-3.30874756593265,"0","1","0","1","0","1","0","1","1","0","1","1","0","0","0","1","0","1","0","0","1","1","0","1","0","0","1","1","0","0","1","0"
"Chloranthus_spicatus",-2.98631112062805,-3.07549837709344,-4.73822773953331,-1.78415801132304,0.749702716180664,-2.50992686722217,-7.22626006364557,"0","1","0","1","0","1","0","1","1","0","0","1","0","0","0","1","0","0","1","1","0","1","0","0","0","1","0","1","0","0","0","1"
"Chorispora_tenella",-3.66292899923678,-2.13103676825259,-1.99095682527782,-1.09101083076309,1.07870894414484,0.270549734954016,-7.82326338365261,"1","0","0","1","0","1","0","1","0","1","0","0","1","0","0","1","1","0","0","1","0","1","0","1","0","0","1","1","0","0","1","0"
"Cinnamomum_camphora",0.63802981234832,-1.72557166014443,-4.73822773953331,-1.78415801132304,1.01398640749615,-3.03144099662469,-3.32123395658403,"0","1","0","1","0","1","0","1","1","0","0","1","0","0","0","1","0","0","1","1","0","1","0","1","0","0","0","1","0","0","1","1"
"Clarkia_xantiana",-3.27399319307983,-1.84335469580081,1.47638035888888,-0.397863650203147,1.07870894414484,-0.574705223803388,-9.56623268871123,"1","0","0","1","0","1","0","1","0","1","1","0","0","0","0","1","0","1","0","0","1","1","0","1","0","0","1","0","0","1","1","0"
"Claytonia_virginica",-3.96714037363977,-2.31335832504655,-4.04508055897337,-0.685545722654928,1.07870894414484,-1.98998712179653,-7.8067340817014,"1","0","0","1","0","1","0","1","1","0","0","1","0","0","0","1","0","1","1","0","1","1","0","1","0","0","0","1","0","0","1","0"
"Cleistesiopsis_bifaria",-3.0868255655432,-2.39247291505123,-2.06925933923997,-0.714474843447969,1.03016704165832,-1.5405388623229,-8.977505048049,"1","0","0","1","0","1","0","1","1","0","0","1","0","0","0","1","1","0","0","1","0","1","0","0","0","0","1","0","0","1","1","1"
"Clethra_alnifolia",-1.78233831630211,-1.6202111444866,-1.04934828541938,-0.685545722654928,1.07870894414484,-2.42530519305438,-9.90270492533245,"0","1","0","1","0","1","0","1","1","0","0","1","0","0","0","1","1","0","0","1","0","1","0","0","0","0","1","1","0","0","1","0"
"Clutia_pulchella",-2.64983888400683,-2.31335832504655,-4.73822773953331,-0.685545722654928,1.07870894414484,-2.37533865273727,-6.88065534346108,"0","1","0","1","0","1","1","0","1","0","0","1","0","0","0","1","0","1","1","0","1","0","1","1","0","0","0","1","0","0","1","0"
"Cobaea_scandens",0.743390328006146,-2.31335832504655,-2.04087320683743,-0.685545722654928,1.07870894414484,-0.0782683374894964,-3.72476081128185,"0","1","1","0","0","1","0","1","1","0","0","1","0","0","0","1","1","0","0","1","0","1","0","1","0","0","0","1","0","0","1","0"
"Cochlospermum_vitifolium",0.00942115292594548,1.24198973644287,0.0492640032487326,-0.174720098888937,1.07870894414484,0.570427080499615,-4.67552558661775,"0","1","0","1","0","1","0","1","1","0","0","1","0","0","0","1","1","0","0","1","0","1","0","0","0","0","1","1","0","0","1","0"
"Coffea_arabica",-0.866047584427954,-2.31335832504655,-3.79232420335629,-0.839987448850155,1.05713476526194,-0.728855903630646,-2.7674422969346,"0","1","0","1","0","1","0","1","1","0","1","0","0","0","0","1","0","0","1","1","0","1","0","1","0","0","1","1","0","0","1","0"
"Combretum_leprosum",-0.509624927521006,-1.84335469580081,-3.35193337841342,-1.09101083076309,1.06792185470339,-1.87876148668631,-5.4013228042587,"0","1","1","1","0","1","0","1","1","0","0","1","0","0","0","1","1","0","0","1","0","1","0","1","0","1","0","1","0","0","1","0"
"Commelina_communis",-3.22993072979765,-2.82418394881254,-1.76433043552169,-0.736216576669407,1.06252830998267,-1.60432464098455,-9.31355104939031,"1","0","0","1","0","1","0","1","0","1","0","1","0","0","0","1","0","1","0","0","1","1","1","0","0","0","1","0","0","1","1","0"
"Cordyline_australis",0.00942115292594548,-2.13103676825259,-3.70120807319737,-0.685545722654928,1.07870894414484,-2.42530519305438,-6.64204756644929,"0","1","0","1","0","1","0","1","1","0","0","1","0","0","0","1","0","0","1","1","0","1","0","1","0","0","0","1","0","0","1","0"
"Coriaria_myrtifolia",-1.37687320819395,-1.6202111444866,-4.73822773953331,-0.174720098888937,0.826291051214948,-2.18414313623749,-5.71305018330602,"0","1","0","1","0","1","0","1","1","0","0","1","0","1","0","0","0","0","1","1","0","1","1","0","1","0","0","1","0","0","0","1"
"Coriaria_ruscifolia",-0.786018140131797,-1.6202111444866,-4.73822773953331,0.230745009219227,0.639674403877891,-3.21376255341865,-8.64046321288254,"0","1","0","1","0","1","0","1","1","0","0","1","0","1","0","0","1","0","0","1","0","1","0","0","1","0","0","1","0","0","1","1"
"Cornus_florida",-0.506632822186992,-2.53650187636076,-4.32627537772878,-0.923454509772847,1.01937995221687,-1.42200308419059,-3.38188744984459,"0","1","0","1","0","1","0","1","1","0","0","1","0","0","0","1","0","0","1","1","0","1","0","1","0","1","0","1","0","0","1","1"
"Corokia_cotoneaster",-0.615545744377042,-2.31335832504655,-4.73822773953331,-1.09101083076309,1.02261607904931,-2.25825110839121,-4.73487596693835,"0","1","0","1","0","1","0","1","1","0","0","1","0","0","0","1","0","0","1","1","0","1","0","1","0","1","0","1","0","0","1","0"
"Corrigiola_litoralis",-4.37260548174794,-2.31335832504655,-2.87166813872266,-0.685545722654928,0.53935447207242,-3.43690610473286,-8.80409263666434,"1","0","0","1","0","1","0","1","0","1","0","0","1","0","0","1","1","1","0","1","1","1","0","1","0","0","0","1","0","0","1","0"
"Costus_woodsonii",0.00942115292594548,-3.92279623748065,-2.54100316219709,-0.685545722654928,0.987018683892528,-0.954288715824282,-6.34988408022329,"1","0","0","1","0","1","0","1","1","0","0","1","0","0","0","1","0","0","1","1","0","1","0","1","0","0","1","0","0","1","1","0"
"Cucurbita_pepo",-2.14778538723748,-3.00650550560649,-3.63795839024826,-0.397863650203147,1.07870894414484,-1.82746819229876,-3.03057682399346,"1","0","1","0","0","1","0","1","0","1","0","1","0","0","0","1","1","0","0","1","0","0","1","1","0","0","0","1","0","0","1","0"
"Cupaniopsis_anacardioides",-1.08919113574216,-1.84335469580081,-4.73822773953331,-0.685545722654928,1.07870894414484,-2.05061174361296,-2.82026831298577,"0","1","0","1","0","1","0","1","1","0","0","1","0","0","0","1","0","0","1","1","0","0","1","1","0","0","1","0","1","0","1","1"
"Curculigo_latifolia",-2.09774016125,-2.13103676825259,-3.56832365421425,-0.726425713654903,1.05929218315023,-1.56510392783126,-3.40041475445848,"1","1","0","1","0","1","0","1","1","0","0","1","0","0","0","1","1","0","0","1","0","1","1","1","0","0","1","1","0","0","1","0"
"Cuscuta_cuspidata",-2.83870036831215,-2.31335832504655,-4.04508055897337,-1.09101083076309,1.07870894414484,-3.57043749735738,-7.14444513732159,"1","0","1","0","0","1","0","1","0","1","1","0","0","1","0","0","1","0","0","1","0","1","0","0","1","0","0","1","0","0","1","0"
"Cuttsia_viburnea",-3.50470333475279,-2.31335832504655,1.47737985922196,-0.174720098888937,0.996727064389832,-1.82746819229876,-11.5121428377665,"0","1","0","1","0","1","0","1","1","0","0","1","0","0","0","1","1","1","0","1","1","1","0","1","0","0","1","1","0","0","1","0"
"Cyclanthus_bipartitus",-1.78233831630211,-2.13103676825259,-4.25426919145506,-0.816560031257121,1.04634767582049,-2.52291588969228,-4.81347942778619,"0","1","0","1","0","1","0","1","1","0","0","1","0","0","0","1","0","0","1","1","0","0","1","0","0","0","1","1","0","0","1","0"
"Cymodocea_nodosa",-2.77137303471862,-3.2296490569207,-4.73822773953331,-1.09101083076309,0,-2.7232113362614,-7.21836499986472,"1","0","0","1","1","0","1","1","1","0","0","1","0","1","0","0","0","1","1","1","1","0","1","0","1","0","0","1","0","0","0","1"
"Cypripedium_calceolus",-3.27399319307983,-3.2296490569207,-1.13788599518778,-0.685545722654928,1.07870894414484,0.2202246510665,-13.8147279307606,"1","0","0","1","0","1","0","1","1","0","0","1","0","0","0","1","1","0","0","1","0","1","0","0","0","0","1","0","0","1","1","1"
"Cyrilla_racemiflora",-0.172900403868009,-2.31335832504655,-4.04508055897337,-1.09101083076309,1.07870894414484,-2.5206153728587,-4.54900743722506,"0","1","0","1","0","1","0","1","1","0","0","1","0","0","0","1","1","0","0","1","0","1","0","1","0","0","0","1","0","0","1","0"
"Dalechampia_spathulata",-2.25488458745549,-0.927063963926655,-3.41344561440278,-0.685545722654928,0.94279161718259,-1.40875077807654,-6.63743754087065,"0","1","0","1","0","1","0","1","1","0","0","1","0","0","0","1","0","1","0","0","1","0","1","0","0","1","0","0","0","1","1","0"
"Dalzellia_ceylanica",-7.08065568285015,-2.82418394881254,-1.79886511006912,-0.685545722654928,1.07870894414484,-3.43690610473286,-10.0465876764356,"1","0","0","1","1","1","0","1","1","0","0","0","1","0","1","0","1","0","0","1","0","1","0","0","0","0","1","1","0","0","1","1"
"Daphniphyllum_macropodum",0.520246776691936,-1.72557166014443,-4.04508055897337,-1.09101083076309,1.07870894414484,-2.69088910596074,-4.26221730104856,"0","1","0","1","0","1","1","0","1","0","0","1","0","1","0","0","0","0","1","1","0","0","1","0","1","0","0","1","0","0","0","1"
"Datisca_glomerata",-2.07002038875389,-1.87510339411539,-3.25540698774472,-0.888944121271467,0.881305207366334,-2.25825110839121,-10.6648449773793,"1","0","0","1","0","1","1","0","1","0","1","0","0","1","0","0","1","0","0","1","0","1","1","0","1","0","0","1","0","0","0","1"
"Davidsonia_jerseyana",-1.26145792391903,-1.72557166014443,-2.94646827030526,-1.09101083076309,1.03771800426734,-2.5206153728587,-2.67630199464165,"0","1","0","1","0","1","0","1","1","0","0","0","1","0","0","1","0","0","1","1","0","1","0","1","0","0","0","1","0","0","1","0"
"Davilla_kunthii",-2.64076981438557,0.325699004568713,-4.04508055897337,-1.78415801132304,0.776670439784285,-1.23968152739664,-6.4221300465814,"1","0","1","0","0","1","0","1","1","0","0","1","0","0","0","1","0","0","1","1","0","1","0","0","0","0","1","1","0","0","1","0"
"Denhamia_celastroides",-0.529575347806742,-2.31335832504655,-3.35193337841342,-0.685545722654928,1.07870894414484,-0.9111774604246,-4.3155167327505,"0","1","0","1","0","1","0","1","1","0","0","1","0","0","0","1","1","0","0","1","0","1","0","1","0","0","1","1","0","0","1","0"
"Diapensia_lapponica",-6.3875085022902,-2.31335832504655,-0.356201104859432,-0.685545722654928,1.07870894414484,-1.73215801249443,-9.72434152315158,"0","1","0","1","0","1","0","1","1","0","1","0","0","0","0","1","0","1","0","0","1","1","0","1","0","0","0","1","0","0","1","0"
"Diospyros_australis",-0.849037452187773,-1.28373890786539,-4.33276263142515,-0.789119557255906,0.983782557060094,-3.66004965604707,-3.13682047753578,"0","1","0","1","0","1","1","0","1","0","0","1","0","0","0","1","1","0","0","1","0","0","1","0","0","0","1","1","0","0","1","0"
"Dipterocarpus_tempehes",-2.39718118560247,-0.521598855818491,-2.43415558776721,-0.665808951713332,0.983782557060094,-0.141069238728527,-7.28979128011329,"0","1","0","1","0","1","0","1","1","0","0","1","0","0","0","1","1","0","0","1","0","1","0","0","0","0","1","1","0","0","1","0"
"Discaria_americana",-2.6787526557188,-2.41871884070437,-4.73822773953331,-0.53139504282767,1.03556058637905,-2.33829381606475,-6.45295837893073,"0","1","0","1","0","1","0","1","1","0","0","1","0","0","0","1","0","1","0","0","1","1","0","1","0","1","1","1","0","0","1","0"
"Drosophyllum_lusitanicum",-2.58084601251988,-1.6202111444866,-1.68895469905129,-0.174720098888937,1.07870894414484,-0.834216419288472,-6.69186127216151,"0","1","0","1","0","1","0","1","1","0","1","0","0","0","0","1","0","1","0","0","1","1","0","1","0","0","1","1","0","0","1","0"
"Dryas_octopetala",-3.168632677422,1.17707019034355,-4.73822773953331,0.122251167718208,0,-0.728855903630646,-8.34807524939334,"0","1","0","1","0","1","0","1","1","0","1","0","0","0","0","1","1","0","0","1","0","1","0","1","0","0","1","1","0","0","1","0"
"Durio_zibethinus",0.743390328006146,0.171548324741455,-2.94646827030526,-0.174720098888937,1.07870894414484,-0.12272010006033,1.79776896806278,"0","1","0","1","0","1","0","1","1","0","0","1","0","0","0","1","0","0","1","1","0","1","0","1","0","0","0","1","0","0","1","0"
"Eichhornia_crassipes",-2.69921808913146,-2.13103676825259,-2.7550223593639,-0.685545722654928,1.07870894414484,-0.0357087230707004,-7.07841996528809,"1","0","0","1","1","0","0","1","1","1","0","1","0","0","0","1","1","0","1","1","0","1","0","1","0","0","0","0","0","1","1","0"
"Eriocaulon_parkeri",-2.77984966370912,-2.53650187636076,-4.21489695137624,-0.81013890038195,1.0031993180547,-3.43690610473286,-6.97940989125084,"1","0","0","1","0","1","0","1","1","1","0","1","0","0","0","1","1","0","0","1","0","0","1","1","0","0","0","1","0","0","1","0"
"Eriogonum_arborescens",-1.78233831630211,-1.72557166014443,-4.73822773953331,-0.685545722654928,1.00104190016641,-3.11845237361432,-8.46762040004313,"0","1","0","1","0","1","0","1","1","0","1","0","0","0","0","1","1","0","0","1","0","1","0","1","0","0","0","1","0","0","1","0"
"Eryngium_alpinum",-2.40780754002444,-2.28509154995834,-3.80400485392542,-0.920470629605658,1.01398640749615,-1.43182747413951,-6.39215500674293,"1","0","0","1","0","1","0","1","1","0","0","1","0","0","0","1","0","0","1","1","0","1","0","1","0","0","1","1","0","0","1","0"
"Erythroxylum_laurifolium",-0.971408100085781,-1.6202111444866,-4.16923102126913,-0.476287758689887,1.06792185470339,-1.26106445630512,-5.06720391471952,"0","1","0","1","0","1","0","1","1","0","0","1","0","0","0","1","0","0","1","1","0","1","0","1","0","1","0","1","0","0","1","0"
"Eschscholzia_californica",-3.59941559351445,-0.952381771910945,-2.66480808974495,-1.09101083076309,1.07870894414484,-0.441173831178865,-7.6001198323384,"1","0","0","1","0","1","0","1","1","1","0","1","0","0","0","1","0","1","0","0","1","1","0","0","0","0","1","0","1","0","1","0"
"Eucalyptus_cladocalyx",-1.41868273827812,-1.33686919057983,-3.64265013753121,-0.448392524984961,1.06144960103852,-1.1342583085117,-6.4411443939432,"0","1","0","1","0","1","0","1","1","0","0","1","0","0","0","1","1","0","0","1","0","1","0","1","0","1","0","1","0","0","1","0"
"Eupomatia_bennettii",-2.07002038875389,-1.78273007398437,-3.36700059336577,-0.308128771125333,1.07870894414484,-0.574705223803388,-6.00237125569944,"0","1","0","1","0","1","0","1","1","0","0","1","0","0","0","1","1","0","0","1","0","1","0","1","0","0","0","1","0","0","1","0"
"Eupomatia_laurina",-0.529575347806742,0.171548324741455,-3.6396154508652,1.92941405538127,1.07870894414484,-0.846638939287028,-5.25001522337638,"0","1","0","1","0","1","0","1","1","0","0","1","0","0","0","1","0","0","1","1","0","1","0","0","0","1","0","1","0","0","1","0"
"Fagus_grandifolia",0.743390328006146,-1.52490096468228,-4.04508055897337,-0.685545722654928,0.953578706624038,-2.25319016321263,-2.4230665532834,"0","1","0","1","0","1","0","1","1","0","0","1","0","1","0","0","0","0","1","1","0","0","1","0","1","0","1","1","0","0","0","1"
"Ficaria_verna",-4.01260274771653,-0.703920412612445,-4.73822773953331,0.923892189779172,0.492969987474192,-0.668231281814211,-7.05753881425094,"1","0","0","1","0","1","0","1","1","0","0","1","0","0","0","1","0","0","1","0","1","1","0","1","0","0","1","1","0","0","1","0"
"Filipendula_vulgaris",-2.74992234256382,-0.703920412612445,-4.04508055897337,0.413066566013182,0,-1.6451466355048,-8.01563527630007,"1","0","0","1","0","1","0","1","1","0","0","1","0","1","0","1","0","0","1","1","0","1","0","0","1","0","1","1","0","0","1","0"
"Floerkea_proserpinacoides",-4.21845480192068,-2.13103676825259,-4.73822773953331,-0.867867279448883,1.0247734969376,-0.815867280620276,-6.71360125879792,"1","0","0","1","0","1","0","1","0","1","0","0","1","0","1","0","0","1","0","0","1","1","0","1","0","0","0","1","0","0","1","1"
"Fumana_ericoides",-2.18268847982455,-0.555500407494172,-2.4109500339489,-1.09101083076309,0.919060020411404,-1.26785240436333,-7.11358690114146,"0","1","0","1","0","1","0","1","1","0","0","0","1","0","0","1","0","1","0","0","1","1","0","1","0","0","0","1","0","0","1","0"
"Galium_aparine",-2.5426942465555,-2.53650187636076,-4.73822773953331,-1.09101083076309,1.07870894414484,-1.26785240436333,-5.80282018273473,"1","0","0","1","0","1","0","1","0","1","0","0","1","0","0","1","0","0","1","1","0","1","0","1","0","0","0","1","0","0","1","0"
"Gelsemium_sempervirens",-2.34341915009931,-2.31335832504655,-3.35193337841342,-1.09101083076309,1.07870894414484,-0.815867280620276,-5.96022291181796,"1","0","1","0","0","1","0","1","1","0","0","1","0","0","0","1","1","0","0","1","0","1","0","0","0","1","0","1","0","0","1","0"
"Gentiana_saponaria",-3.20945467194226,-2.31335832504655,-3.08519487348151,-1.09101083076309,1.07870894414484,-0.505712352316436,-6.88406172273303,"1","0","0","1","0","1","0","1","1","0","0","1","0","0","0","1","1","0","0","1","0","1","0","1","0","0","0","1","0","0","1","0"
"Geranium_sanguineum",-3.67945830118799,-1.6202111444866,-4.04508055897337,-0.174720098888937,1.07870894414484,-0.696066080807655,-5.82291014412508,"1","0","0","1","0","1","0","1","1","0","1","0","0","0","0","1","0","1","0","0","1","1","0","1","0","0","0","1","0","0","1","0"
"Gerbera_jamesonii",-2.89884009121601,-2.41497337825009,-3.43911417444625,-0.93235785290604,1.07870894414484,-1.09960671341979,-7.28287895764508,"1","0","0","1","0","1","0","1","1","0","0","1","0","0","0","1","1","0","0","1","0","1","0","1","0","0","0","0","0","1","1","0"
"Gesneria_cuneifolia",-2.0798273980541,-2.1207592885195,-2.36995217014713,-0.833487484149833,1.02369478799345,-0.856076489062408,-11.9176079458747,"0","1","0","1","0","1","0","1","1","0","1","0","0","0","0","1","0","0","1","0","1","1","0","1","0","0","0","0","0","1","1","0"
"Gomortega_keule",0.520246776691936,-1.84335469580081,-4.73822773953331,-1.09101083076309,1.07870894414484,-2.33829381606475,-2.80617614260102,"0","1","0","1","0","1","0","1","1","0","1","0","0","0","0","1","0","0","1","1","0","1","0","1","0","0","0","1","0","0","1","1"
"Gonocaryum_litorale",-0.289437645529677,-2.31335832504655,-4.04508055897337,-1.09101083076309,1.07870894414484,-2.42530519305438,-3.47262409187243,"0","1","0","1","0","1","1","0","1","0","0","1","0","0","0","1","0","0","1","1","0","0","1","1","0","0","0","1","0","0","1","1"
"Gossypium_hirsutum",-2.07002038875389,0.459230397193236,-2.43564264653927,-0.53139504282767,1.07870894414484,0.118441956756558,-3.46794441125207,"0","1","0","1","0","1","0","1","1","1","1","0","1","0","0","1","1","0","0","1","0","1","0","1","0","0","0","1","0","0","1","0"
"Grewia_occidentalis",-1.37687320819395,0.414494503351844,-4.73822773953331,-0.397863650203147,1.07870894414484,-0.728855903630646,-3.84186980029979,"0","1","0","1","0","1","0","1","1","0","0","1","0","0","0","1","0","0","1","1","0","1","0","1","0","0","0","1","0","0","1","0"
"Griselinia_racemosa",-1.78233831630211,-2.31335832504655,-4.48622335759882,-0.685545722654928,1.07870894414484,-2.13986028359978,-5.50332965232395,"0","1","0","1","0","1","1","0","1","0","0","1","0","0","0","1","0","0","1","1","0","0","1","1","0","0","0","1","0","0","1","0"
"Gyrocarpus_americanus",0.743390328006146,-2.53650187636076,-4.73822773953331,-1.78415801132304,0.929847109852852,-3.72458817718464,-2.11806524485525,"0","1","0","1","0","1","0","1","1","0","0","1","0","1","0","0","1","0","0","1","0","1","1","0","1","0","0","1","0","0","1","1"
"Hamamelis_virginiana",-0.866047584427954,-2.53650187636076,-4.73822773953331,-1.09101083076309,1.07870894414484,-1.13432101173881,-3.3204951312826,"0","1","0","1","0","1","0","1","1","0","0","1","0","0","0","1","0","1","0","0","1","1","0","1","0","0","1","1","0","0","1","0"
"Hanguana_malayana",-1.93519591455401,-2.13103676825259,-4.73822773953331,-0.685545722654928,1.07870894414484,-2.29904727398716,-5.17237159639035,"1","0","0","1","0","1","1","0","1","0","0","1","0","0","0","1","0","0","1","1","0","0","1","1","0","0","0","1","0","0","1","1"
"Haumania_danckelmaniana",-0.760871095484076,-2.14266058269887,-3.55399764526537,-0.938834700970871,1.0247734969376,-1.11833315711524,-4.14140607415797,"0","1","1","0","0","1","0","1","1","0","0","1","0","0","0","1","1","0","0","1","0","1","0","1","0","0","1","0","0","1","1","0"
"Hedychium_gardnerianum",-2.39545904536458,-3.92279623748065,-2.42694849108184,-0.685545722654928,1.04311154898806,0.251973349381081,-7.54935398370366,"1","0","0","1","0","1","0","1","1","0","0","0","1","0","0","1","0","0","1","1","0","1","0","1","0","0","0","0","0","1","1","0"
"Helianthus_annuus",-1.78233831630211,-2.31335832504655,-4.73822773953331,-1.09101083076309,1.07870894414484,-1.03901083193449,-4.34690699506575,"1","0","0","1","0","1","0","1","0","1","1","1","0","0","0","1","0","1","0","0","1","1","0","1","0","0","1","1","0","1","1","0"
"Heliconia_irrasa",-2.07002038875389,-2.31335832504655,-4.23927792831924,-0.850419966383701,1.07870894414484,-1.10384583398193,-6.07843003818143,"1","0","0","1","0","1","0","1","1","0","0","1","0","0","0","1","0","0","1","1","0","1","0","1","0","0","0","1","0","0","1","0"
"Herniaria_glabra",-4.08492340929616,-2.31335832504655,-2.60584183138277,-0.877886137603561,0.933083236685286,-3.72458817718464,-10.2128598536363,"1","0","0","1","0","1","0","1","1","1","0","0","1","0","0","1","1","1","0","1","1","1","0","1","0","0","0","1","0","0","0","1"
"Hevea_brasiliensis",0.520246776691936,-1.6202111444866,-4.73822773953331,-0.685545722654928,1.07870894414484,-2.51562783134766,0.239655160298331,"0","1","0","1","0","1","0","1","1","0","1","1","0","0","0","1","0","0","1","1","0","0","1","1","0","0","0","1","0","0","1","1"
"Hirtella_physophora",-0.504631413381211,-2.13103676825259,-3.7935085910308,-0.874912613246971,1.06792185470339,-1.13432101173881,-3.77326338225302,"0","1","0","1","0","1","0","1","1","0","0","1","0","0","0","1","1","0","0","1","0","1","0","1","0","0","1","0","0","1","1","0"
"Hordeum_bulbosum",-2.52677879124961,-2.82418394881254,-4.73822773953331,-1.09101083076309,0.952499997679893,-1.26785240436333,-5.57548652715356,"1","0","0","1","0","1","0","1","1","0","0","1","0","1","0","0","0","0","1","1","0","1","0","0","1","0","0","0","0","1","0","1"
"Hydnocarpus_heterophylla",-0.227672462882466,-0.664699699459164,-4.39363154205931,-0.397863650203147,1.07870894414484,-1.35746456305302,-2.18975415565261,"0","1","0","1","0","1","1","0","1","0","0","1","0","0","0","1","0","0","1","1","0","0","1","1","0","0","0","1","0","0","1","0"
"Hydrastis_canadensis",-3.59941559351445,0.0615474295271263,-4.04508055897337,0.590747743250634,0,-1.56510392783126,-5.87791745378824,"1","0","0","1","0","1","0","1","1","0","1","0","0","0","0","1","0","0","1","1","0","1","0","1","0","0","0","1","0","0","1","0"
"Hydrocotyle_vulgaris",-4.55492703854189,-2.31335832504655,-2.89319908761926,-1.09101083076309,1.07870894414484,-3.72458817718464,-8.69873212100651,"1","0","0","1","0","1","0","1","1","0","0","0","1","0","1","1","1","0","0","1","0","1","0","1","0","0","0","1","0","0","1","0"
"Hydrophyllum_capitatum",-3.76646967817762,-2.31335832504655,-3.29629587698133,-0.623106503023289,1.00751415383128,-2.18414313623749,-6.12611989079941,"1","0","0","1","0","1","0","1","1","0","0","1","0","0","0","1","1","0","0","1","0","1","0","1","0","0","1","1","0","0","1","0"
"Hypericum_perforatum",-2.98631112062805,-0.0107732320524998,-1.33703035787116,-0.685545722654928,1.07870894414484,-1.19885953287638,-9.90270492533245,"1","0","0","1","0","1","0","1","1","0","0","0","1","0","0","1","1","0","0","1","0","1","0","0","0","0","1","1","0","0","1","0"
"Ilex_opaca",0.0502431474462006,-2.53650187636076,-4.24933165995817,-0.397863650203147,1.07870894414484,-2.11515026475054,-5.16067555662716,"0","1","0","1","0","1","1","0","1","0","0","1","0","0","0","1","0","0","1","1","0","0","1","1","0","0","0","1","0","0","1","1"
"Impatiens_capensis",-2.80882168369684,-2.31335832504655,-4.73822773953331,-0.174720098888937,1.07870894414484,-0.633545723826321,-6.05539823462399,"1","0","0","1","0","1","0","1","0","1","1","0","0","0","0","1","0","1","0","0","1","1","0","1","0","0","0","0","0","1","1","0"
"Ipomoea_alba",-0.172900403868009,-2.31335832504655,-3.12878982709921,-1.09101083076309,0.903958095193376,0.369756385037464,-3.40061477446114,"1","0","1","0","0","1","0","1","1","1","0","0","1","0","0","1","1","0","0","1","0","1","0","1","0","0","0","1","0","0","1","0"
"Iris_versicolor",-2.81679530344396,-2.82418394881254,-2.60811579360739,-0.630086500514994,0.90719422202581,0.678057744691981,-5.29620229411058,"1","0","0","1","0","1","0","1","1","0","1","0","0","0","1","1","1","0","0","1","0","1","0","1","0","0","0","1","0","0","1","0"
"Irvingbaileya_australis",-0.183795210105102,-2.31335832504655,-4.73822773953331,-1.09101083076309,1.07870894414484,-2.71906631158254,-2.61195739409421,"0","1","0","1","0","1","1","0","1","0","0","1","0","0","0","1","0","0","1","1","0","0","1","1","0","0","0","1","0","0","1","0"
"Juglans_mandshurica",0.232564704240155,-0.664699699459164,-4.73822773953331,-1.09101083076309,0.531443939815359,-2.06215041447218,1.12776639000148,"0","1","0","1","0","1","0","1","1","0","0","1","0","1","0","0","0","0","1","1","0","0","1","0","1","0","0","1","0","0","0","1"
"Jumellea_fragrans",-2.74223644600122,-2.17535354067203,-1.54493722000109,-0.546225400779622,0.936319363517721,-0.702643983225344,-9.60853394341588,"1","0","0","1","0","1","0","1","1","0","0","1","0","0","0","1","1","0","0","1","0","1","0","1","0","0","0","0","0","1","1","0"
"Juncus_effusus",-2.60048198703674,-2.82418394881254,-2.4208712388485,-0.685545722654928,0.573873158285056,-1.98117775630384,-11.9176079458747,"1","0","0","1","0","1","0","1","0","1","1","0","1","1","0","0","0","0","1","1","0","1","0","0","1","0","0","1","0","0","0","1"
"Kalanchoe_daigremontiana",-2.07002038875389,-1.84335469580081,0.129306710922269,-0.397863650203147,0.215741788828968,-0.728855903630646,-11.9176079458747,"1","0","0","1","0","1","0","1","1","1","0","0","1","0","0","1","1","0","0","1","0","1","0","1","0","0","0","1","0","0","1","0"
"Kalmia_latifolia",-0.866047584427954,-1.6202111444866,-1.26688328796948,-0.449747405174812,1.07870894414484,-0.797848775117597,-11.9176079458747,"0","1","0","1","0","1","0","1","1","0","0","1","0","0","0","1","1","0","0","1","0","1","0","1","0","0","0","1","0","0","1","0"
"Kielmeyera_regalis",-1.34182761888293,-1.67621019020794,-2.3112256919325,-0.516144223221326,0.920138729355548,-0.998296477948263,-8.09029833872074,"0","1","0","1","0","1","0","1","1","0","0","1","0","0","0","1","1","0","0","1","0","1","0","0","0","0","1","1","0","0","1","0"
"Kirengeshoma_palmata",-3.14634869667398,-1.21474603637844,-2.79843290219137,-0.516576250003014,0.94279161718259,-0.489839003160146,-7.45169982722013,"1","0","0","1","0","1","0","1","1","0","0","1","0","0","0","1","1","0","0","1","0","1","0","1","0","0","1","1","0","0","1","0"
"Kirkia_wilmsii",-1.19983355812043,-2.41871884070437,-3.73393115828358,-0.280080614546764,1.07870894414484,-1.82746819229876,-5.36724215176918,"0","1","0","1","0","1","1","0","1","0","0","1","0","0","0","1","1","0","0","1","0","0","1","1","0","0","1","1","0","0","1","0"
"Lactoris_fernandeziana",-2.07002038875389,-2.13103676825259,-2.94646827030526,-0.685545722654928,0,-2.74375892417291,-7.18263606237195,"0","1","0","1","0","1","0","1","1","0","1","0","0","1","0","0","1","1","0","1","1","1","1","0","1","0","0","1","0","0","0","1"
"Lantana_camara",-1.37475284030916,-2.53650187636076,-3.48806251918368,-1.37869290321487,1.02800962377003,-2.25825110839121,-5.59504270594743,"0","1","0","1","0","1","0","1","1","0","0","0","1","0","0","1","0","0","1","1","0","1","0","1","0","0","0","0","0","1","1","0"
"Lapageria_rosea",-0.396043955182219,-2.13103676825259,0.144574183053057,-0.685545722654928,1.07870894414484,0.187434828243509,-6.77586375982103,"0","1","1","0","0","1","0","1","1","0","0","1","0","0","0","1","0","0","1","1","0","1","0","1","0","0","0","1","0","0","1","0"
"Larrea_tridentata",-2.00548186761632,-1.6202111444866,-3.33254265338169,-0.174720098888937,0.985939974948383,-0.9111774604246,-6.1430564003303,"0","1","0","1","0","1","0","1","1","0","1","0","0","0","0","1","0","0","1","1","0","1","0","1","0","0","1","1","0","0","1","0"
"Lemna_minor",-5.28889621362209,-3.2296490569207,-4.73822773953331,-1.78415801132304,0.741073044627506,-4.35319683660701,-8.42737551252388,"1","0","0","1","1","0","0","1","0","1","0","0","1","0","0","1","1","0","0","1","0","1","0","1","0","0","0","1","0","0","0","1"
"Lepidobotrys_staudtii",-1.57587759255912,-1.6202111444866,-4.04508055897337,-0.685545722654928,0.921217438299693,-2.28950365189531,-5.53520335297647,"0","1","0","1","0","1","1","0","1","0","0","1","0","0","0","1","0","1","0","0","1","0","1","1","0","0","1","1","0","0","1","0"
"Limnanthes_douglasii",-3.13907387518046,-1.6202111444866,-3.36632998039818,-0.174720098888937,0.958972251344763,-0.797848775117597,-6.04267721502268,"1","0","0","1","0","1","1","0","0","1","0","1","0","0","0","1","1","0","0","1","0","1","0","1","0","0","0","1","0","0","1","0"
"Linum_perenne",-2.98631112062805,-2.31335832504655,-4.04508055897337,-0.174720098888937,1.07870894414484,-0.574705223803388,-7.66911270382535,"1","0","0","1","0","1","0","1","1","0","0","1","0","0","0","1","1","0","0","1","0","1","0","1","0","0","0","1","0","0","1","0"
"Liparis_loeselii",-3.35467204912309,-2.51478274879433,-2.22946914284255,-0.811203936139734,0.71086919419145,-1.93923349185928,-14.9133402194287,"1","0","0","1","0","1","0","1","1","0","0","0","1","1","1","0","1","0","0","1","0","1","0","0","1","0","0","0","0","1","0","1"
"Liriodendron_chinense",1.21339395725188,0.171548324741455,-4.04508055897337,-0.396409192602468,0,-0.574705223803388,-3.9382745284645,"0","1","0","1","0","1","0","1","1","0","1","0","0","0","0","1","1","1","0","1","1","1","0","1","0","0","0","1","0","0","0","1"
"Loasa_heterophylla",-2.70739577434769,-2.05099406057905,-1.45337473329987,-0.613118347535345,1.02908833271418,-0.994559069363651,-9.37697003402759,"1","0","0","1","0","1","0","1","1","0","0","1","0","0","0","1","1","0","0","1","0","1","0","1","0","0","0","1","0","0","1","0"
"Lobelia_angulata",-4.03613324512672,-2.31335832504655,-1.92389017887482,-1.09101083076309,1.01830124327273,-1.52736359984842,-10.5313135847548,"1","0","0","1","0","1","1","0","1","0","0","1","0","0","0","1","1","0","0","1","0","1","1","1","0","0","0","0","0","1","1","0"
"Ludwigia_adscendens",-4.37260548174794,-1.6202111444866,-2.72332471899105,-0.174720098888937,0.9406341992943,-0.728855903630646,-8.33657578697584,"1","0","0","1","1","0","0","1","1","0","0","1","0","0","0","1","1","0","0","1","0","1","0","1","0","0","0","1","0","0","1","0"
"Lythrum_salicaria",-2.00548186761632,-1.43788958769265,-1.23664754347534,-1.09101083076309,1.07870894414484,-1.23968152739664,-10.6648449773793,"1","0","0","1","0","1","0","1","1","0","0","1","0","0","0","1","1","0","0","1","0","1","0","1","0","0","1","1","0","0","1","0"
"Malesherbia_linearifolia",-2.47548549686205,-2.31335832504655,1.48534010026035,-0.685545722654928,1.07870894414484,-0.9111774604246,-7.75094272207299,"1","0","0","1","0","1","0","1","1","0","0","1","0","0","0","1","1","0","0","1","0","1","0","1","0","0","0","1","0","0","1","0"
"Malpighia_emarginata",-0.393760001519427,-1.6202111444866,-4.73822773953331,-0.685545722654928,1.07870894414484,-1.01653797608243,-4.86359015991432,"0","1","0","1","0","1","0","1","1","0","0","1","0","0","0","1","0","0","1","1","0","1","0","0","0","1","0","0","0","1","1","0"
"Manihot_esculenta",-0.866047584427954,-1.6202111444866,-4.73822773953331,-0.685545722654928,1.07870894414484,-3.43690610473286,-3.26938649205207,"1","0","0","1","0","1","0","1","1","0","0","1","0","0","0","1","0","0","1","0","1","0","1","1","0","0","0","1","0","0","1","0"
"Manilkara_zapota",1.21339395725188,-2.21804814524222,-4.73822773953331,0.384895689046485,1.07870894414484,-1.23968152739664,-3.1634471965512,"0","1","0","1","0","1","0","1","1","0","0","1","0","0","0","1","0","0","1","1","0","1","0","1","0","0","0","1","0","0","1","0"
"Marathrum_rubrum",-4.37260548174794,-1.84335469580081,2.10765213573074,-1.09101083076309,1.07870894414484,-2.06607282867035,-9.02583070118649,"1","0","0","1","1","0","0","1","0","1","0","0","1","1","0","0","1","0","0","1","0","1","0","0","1","0","0","1","0","0","1","1"
"Mayaca_fluviatilis",-3.42181978143095,-2.82418394881254,-4.04508055897337,-0.685545722654928,1.07870894414484,-1.82746819229876,-6.76761206314778,"1","0","0","1","1","1","0","1","1","0","0","0","1","0","1","0","1","0","0","1","0","1","0","1","0","0","0","1","0","0","1","0"
"Mazus_pumilus",-4.7780705898561,-2.53650187636076,-1.7324967192682,-1.09101083076309,1.07870894414484,-2.18414313623749,-12.6107551264347,"1","0","0","1","0","1","0","1","0","1","0","0","1","0","0","1","1","0","0","1","0","1","0","0","0","0","1","0","0","1","1","0"
"Medicago_sativa",-2.90626841295451,-1.6202111444866,-2.0301775384311,-0.522724090727462,0.989176101780818,-1.26785240436333,-7.19910907457962,"1","0","0","1","0","1","0","1","1","0","0","1","0","0","0","1","0","1","0","0","1","1","0","1","0","0","1","0","0","1","1","0"
"Melocactus_curvispinus",-2.8771205977727,1.11739785885715,1.15617509473154,0.16971122401054,0.67958663481125,-0.951999454944855,-9.02723618797855,"1","0","0","1","0","1","0","1","1","0","0","1","0","0","0","1","0","0","1","1","0","1","0","1","0","0","0","1","0","0","1","0"
"Menispermum_canadense",-1.54755169148827,-1.11943585657411,-4.04508055897337,-0.685545722654928,0.830605886991527,-3.31912306907647,-3.77627251781398,"1","1","1","0","0","1","1","0","1","0","0","1","0","0","0","1","0","0","1","1","0","0","1","1","0","0","1","1","0","0","1","0"
"Menyanthes_trifoliata",-3.52530762136073,-2.31335832504655,-2.43564264653927,-1.09101083076309,1.07870894414484,-1.42200308419059,-7.10949691588993,"1","0","0","1","1","0","0","1","1","0","0","1","0","0","0","1","1","0","0","1","0","1","0","1","0","0","0","1","0","0","1","0"
"Miconia_affinis",-1.71694238933607,-1.6202111444866,-2.0046313896018,-0.468498343012749,1.04634767582049,-2.5206153728587,-9.2095577447725,"0","1","0","1","0","1","0","1","1","0","0","1","0","0","0","1","0","0","1","1","0","1","0","1","0","0","1","1","0","0","1","0"
"Mirabilis_jalapa",-2.47548549686205,-2.31335832504655,-4.73822773953331,-1.78415801132304,0.992412228613252,-0.441173831178865,-3.63322992546942,"1","0","0","1","0","1","0","1","1","1","0","0","1","0","0","1","0","1","0","0","1","1","0","1","0","0","0","1","0","0","1","1"
"Misodendrum_linearifolium",-1.10733423228184,-2.82418394881254,-4.73822773953331,-0.685545722654928,1.07870894414484,-3.90690973397859,-5.54138066729508,"0","1","0","1","0","1","1","0","1","0","0","1","0","0","0","1","1","0","0","1","0","0","1","1","0","0","0","1","0","0","0","1"
"Mollugo_verticillata",-3.9026018525022,-2.67003326898528,-2.43564264653927,-0.397863650203147,1.07870894414484,-3.43690610473286,-10.4135305490984,"1","0","0","1","0","1","0","1","0","1","0","0","1","0","0","1","0","1","0","0","1","1","0","1","0","0","1","1","0","0","1","0"
"Monotropa_hypopitys",-4.16288495076587,-1.72557166014443,-1.26444760849167,-0.174720098888937,1.07870894414484,-1.772193871793,-14.9133402194287,"1","0","0","1","0","1","0","1","1","0","1","0","0","0","0","1","0","1","0","0","1","1","0","1","0","0","0","1","0","0","1","0"
"Montinia_caryophyllacea",-1.45970234524019,-2.53650187636076,-2.94646827030526,-1.09101083076309,1.07870894414484,-2.5206153728587,-6.26161613505486,"0","1","0","1","0","1","1","0","1","0","0","1","0","0","0","1","0","1","0","0","1","0","1","1","0","0","1","1","0","0","1","0"
"Moringa_oleifera",0.00942115292594548,-2.31335832504655,-3.53103958364553,-0.685545722654928,1.07870894414484,-1.13432101173881,-2.53613336274515,"0","1","0","1","0","1","0","1","1","0","1","0","0","0","0","1","0","1","0","0","1","1","0","1","0","0","1","0","0","1","1","0"
"Myriophyllum_sibiricum",-2.54119285387384,-1.84335469580081,-4.73822773953331,-0.397863650203147,0.920138729355548,-1.83521923082325,-5.92106607710977,"1","0","0","1","1","0","0","1","1","0","0","1","0","0","0","1","1","0","0","1","0","1","1","1","0","0","1","1","0","0","1","0"
"Myristica_fragrans",-0.396043955182219,-1.67150443887415,-4.73822773953331,-1.78415801132304,0.886698752087059,-1.82746819229876,0.955370569010179,"0","1","0","1","0","1","1","1","1","0","0","1","0","0","0","1","0","0","1","1","0","0","1","0","0","0","1","1","0","0","1","0"
"Myrtus_communis",-1.08919113574216,1.05393750493993,-2.93940806682484,-0.14685387140942,1.07870894414484,-0.9111774604246,-5.93619373462023,"0","1","0","1","0","1","0","1","1","0","1","0","0","0","0","1","0","0","1","1","0","1","0","1","0","0","1","1","0","0","1","0"
"Narthecium_ossifragum",-2.56210017623051,-2.13103676825259,-1.59401253315737,0.358221662289624,0.506993203748075,-0.797848775117597,-10.3081700334406,"1","0","0","1","0","1","0","1","1","0","0","1","0","0","0","1","0","1","0","0","1","1","1","1","0","0","1","1","0","0","1","0"
"Nelumbo_lutea",-1.78233831630211,2.06866830962734,-4.73822773953331,1.42466747769166,0,0.47511690069529,-3.61806166291832,"1","0","0","1","1","0","0","1","1","0","1","0","0","0","0","1","1","0","0","1","0","1","0","0","0","1","1","1","0","0","1","0"
"Nelumbo_nucifera",-1.78233831630211,1.78098623717556,-4.73822773953331,1.61703937033912,0,1.07669688772975,-0.973225498239899,"1","0","0","1","1","0","0","1","1","0","0","1","0","0","0","1","1","0","0","1","0","1","0","0","0","1","1","1","0","0","1","0"
"Nemesia_strumosa",-2.97382518453271,-2.53650187636076,-1.37567811134548,-0.867867279448883,1.00859286277543,-0.9111774604246,-9.43270129608671,"1","0","0","1","0","1","0","1","0","1","0","1","0","0","0","1","1","0","0","1","0","1","0","1","0","0","1","1","0","0","1","0"
"Nepenthes_macfarlanei",-0.926129958682699,-2.31335832504655,-3.68635142081764,-0.397863650203147,0.922296147243838,-1.82746819229876,-5.29132352111393,"0","1","1","0","0","1","1","0","1","0","0","1","0","1","0","1","1","0","0","1","0","0","1","1","1","0","0","1","0","0","1","0"
"Nicotiana_tabacum",-1.37687320819395,-2.31335832504655,-1.42950720535075,-1.09101083076309,1.07870894414484,-0.38054920936243,-10.6648449773793,"1","0","0","1","0","1","0","1","1","1","0","1","0","0","0","1","0","1","0","0","1","1","0","1","0","0","0","1","0","1","1","0"
"Nolana_humifusa",-2.98913282409556,-2.31335832504655,-2.17697782238857,0.988430710916743,1.07870894414484,-0.871956747271319,-7.73689712208028,"1","0","0","1","0","1","0","1","0","1","0","1","0","0","0","1","0","0","1","1","0","1","0","1","0","0","1","1","0","0","1","0"
"Nothapodytes_nimmoniana",-1.26439233637338,-2.82418394881254,-4.04508055897337,-1.78415801132304,0.979467721283514,-2.05061174361296,-4.01893850961585,"0","1","0","1","0","1","1","0","1","0","1","0","0","0","0","1","0","0","1","1","0","1","1","1","0","0","1","1","0","0","1","0"
"Nothofagus_dombeyi",-0.802021197860583,-1.57142098031717,-4.29352914148326,-0.708460628825408,0.941712908238445,-2.43490324831353,-5.52904654032908,"0","1","0","1","0","1","0","1","1","0","0","1","0","1","0","0","1","0","0","1","0","0","1","0","1","0","0","1","0","0","0","1"
"Nuphar_advena",-2.75125597841449,1.27016061340956,-2.17366029557209,0.988430710916743,1.07870894414484,-0.441173831178865,-7.00985406025731,"1","0","0","1","1","0","0","1","1","0","0","1","0","0","0","1","1","0","0","1","0","1","0","0","0","0","1","1","0","0","1","0"
"Nymphaea_odorata",-2.61795720662,0.425328845517554,-0.0152745178888385,1.22810356418216,1.07870894414484,0.6982604520095,-6.23743533685765,"1","0","0","1","1","0","0","1","1","0","0","1","0","0","0","1","1","0","1","1","0","1","0","1","0","0","0","1","1","0","1","0"
"Nymphoides_peltata",-2.40316483528243,-2.31335832504655,-2.33007403839425,-1.09101083076309,1.07870894414484,-0.574705223803388,-8.69873212100651,"1","0","0","1","1","0","0","1","1","0","1","1","0","0","0","1","1","0","0","1","0","1","0","1","0","0","1","1","0","0","1","0"
"Nyssa_ogeche",-0.327211636489328,-1.90789321693838,-4.32988482828653,-0.625800387246912,1.05713476526194,-1.84955046576664,-2.18321974996342,"0","1","0","1","0","1","1","0","1","0","0","1","0","0","0","1","0","0","1","1","0","0","1","1","0","0","0","1","0","0","1","0"
"Ochroma_pyramidale",0.9257118848001,-1.06059535655118,-2.46773040062799,-0.174720098888937,1.07870894414484,0.775221493145628,-5.95531477606701,"0","1","0","1","0","1","0","1","1","0","0","1","0","0","0","1","1","0","0","1","0","1","0","1","0","0","0","1","1","0","1","1"
"Octoknema_borealis",-0.442124820843134,-2.31335832504655,-4.73822773953331,-0.685545722654928,1.04634767582049,-0.951999454944855,-2.17039415865105,"0","1","0","1","0","1","1","0","1","0","0","1","0","0","0","1","1","0","0","1","0","0","1","1","0","0","0","1","0","0","1","0"
"Octomeles_sumatrana",-0.85251062024345,-2.05099406057905,-3.32260677959044,0.161752137732276,0.631044732324732,-2.5206153728587,-9.90270492533245,"0","1","0","1","0","1","1","0","1","0","0","1","0","0","0","1","1","0","0","1","0","0","1","1","0","0","0","1","0","0","1","0"
"Olea_europaea",0.232564704240155,-3.2296490569207,-4.04508055897337,-1.09101083076309,0.97407417656279,-2.95139828895115,-2.48232564064294,"0","1","0","1","0","1","0","1","1","0","0","1","0","1","0","0","0","0","1","1","0","1","1","0","1","0","0","1","0","0","1","1"
"Oryza_sativa",-2.47548549686205,-2.13103676825259,-4.73822773953331,-1.78415801132304,0.787457529225734,-1.93282870795658,-4.75987246162481,"1","0","0","1","1","0","0","1","0","1","0","0","1","1","0","0","0","1","0","0","1","1","0","0","1","0","0","0","0","1","0","1"
"Ottelia_acuminata",-2.44996298709271,-1.57142098031717,-4.22175000943042,-0.685545722654928,0.879147789478045,-2.05181528348024,-6.22909634582981,"1","0","0","1","1","0","1","0","1","0","0","1","0","0","0","1","1","0","0","1","0","0","1","1","0","0","0","1","0","0","1","0"
"Oxalis_corniculata",-3.52724870183528,-1.6202111444866,-2.792317590478,-0.174720098888937,1.07870894414484,-1.6451466355048,-9.61502285288067,"1","0","0","1","0","1","0","1","1","1","0","0","1","0","0","1","0","1","0","0","1","1","0","1","0","0","1","1","0","0","1","0"
"Paeonia_californica",-3.07332249761768,0.531551058772862,-1.9050143954771,0.295283530356798,0,-0.441173831178865,-2.414971163896,"1","0","0","1","0","1","0","1","1","0","0","1","0","0","0","1","1","0","0","1","0","1","0","1","0","0","0","1","0","0","1","0"
"Panax_quinquefolius",-3.52530762136073,-2.31335832504655,-4.33276263142515,-1.09101083076309,1.07870894414484,-3.03144099662469,-4.68234910025412,"1","0","0","1","0","1","0","1","1","0","1","0","0","0","0","1","0","0","1","1","0","1","1","1","0","0","0","1","0","0","0","1"
"Pandanus_tectorius",-0.866047584427954,-1.21474603637844,-4.73822773953331,0.67969522926713,0.601560021184773,-2.11801604971387,-4.04691143946683,"0","1","0","1","0","1","1","0","1","0","0","1","0","1","0","1","1","0","1","1","0","0","1","0","1","0","0","1","0","0","1","1"
"Pennantia_corymbosa",-0.71252983015577,-2.31335832504655,-5.14369284764148,-0.685545722654928,1.07870894414484,-2.2741978488566,-5.17531710662011,"0","1","0","1","0","1","1","0","1","0","0","1","0","0","0","1","0","0","1","1","0","0","1","1","0","0","0","1","0","0","1","1"
"Peritoma_arborea",-1.37946023352928,-2.13103676825259,-2.48693594092682,-1.78415801132304,1.0031993180547,-1.40875785744057,-6.2969981650822,"0","1","0","1","0","1","0","1","1","1","0","1","0","0","0","1","1","0","0","1","0","1","0","1","0","0","0","0","0","1","1","0"
"Perrottetia_ovata",-0.51366581858448,-2.31335832504655,-3.35193337841342,-1.09101083076309,1.07870894414484,-1.98800557560546,-3.85131324181858,"0","1","0","1","0","1","1","0","1","0","0","1","0","0","0","1","1","0","0","1","0","0","1","1","0","0","0","1","0","0","1","0"
"Petrosavia_sakuraii",-3.05585340710202,-2.13103676825259,-3.41170236328358,-0.685545722654928,1.03556058637905,-2.5206153728587,-7.03570006307839,"1","0","0","1","0","1","0","1","1","0","0","0","1","0","0","1","1","0","0","1","0","1","0","1","0","0","0","1","0","0","1","0"
"Petunia_axillaris",-2.98631112062805,-2.53650187636076,-2.21841555738226,-1.09101083076309,1.03016704165832,0.2202246510665,-7.53141911197625,"1","0","0","1","0","1","0","1","0","1","1","1","0","0","0","1","0","1","0","0","1","1","0","1","0","0","0","1","0","0","1","0"
"Peumus_boldus",-0.866047584427954,-0.272137996186907,-4.73822773953331,-0.174720098888937,0,-1.24850298305459,-1.09782966146443,"0","1","0","1","0","1","1","0","1","0","0","1","0","0","0","1","0","0","1","1","0","0","1","1","0","0","0","1","0","0","1","0"
"Phelline_comosa",-0.430456905675924,-2.53650187636076,-4.73822773953331,-0.280080614546764,1.07870894414484,-2.10807757537784,-3.13456048288578,"0","1","0","1","0","1","1","0","1","0","0","1","0","0","0","1","0","0","1","1","0","0","1","1","0","0","0","1","0","0","1","0"
"Phoenix_dactylifera",0.9257118848001,-2.13103676825259,-4.30894945258063,-0.685545722654928,0.885620043142914,-2.37548205755531,-1.02443980423638,"0","1","0","1","0","1","1","0","1","0","0","1","0","1","0","1","0","0","1","1","0","0","1","0","1","0","0","1","0","0","1","1"
"Phormium_tenax",-2.567546914284,-2.13103676825259,-3.06652655156435,-0.685545722654928,1.04634767582049,-0.505712352316436,-5.9734970951502,"1","0","0","1","0","1","0","1","1","0","0","1","0","0","0","1","1","0","0","1","0","1","0","1","0","0","0","0","0","1","1","0"
"Phragmites_australis",-0.807778676303979,-3.00650550560649,-4.73822773953331,-0.685545722654928,0.759411096677968,-2.53479014009728,-10.3081700334406,"1","0","0","1","1","0","0","1","1","0","0","1","0","1","0","0","1","0","0","1","0","1","1","0","1","0","0","1","0","0","0","1"
"Phryma_leptostachya",-2.83216044080079,-2.53650187636076,-4.73822773953331,-1.09101083076309,1.07870894414484,-1.33013496482632,-6.22724849155065,"1","0","0","1","0","1","0","1","1","0","0","1","0","0","0","1","1","0","0","1","0","1","0","1","0","0","0","0","0","1","1","0"
"Phyllanthus_niruri",-2.91869215641257,-2.82418394881254,-4.2051889502736,-0.92049841155879,1.02800962377003,-4.1300532852928,-6.92399214531852,"1","0","0","1","0","1","0","1","0","1","0","1","0","0","0","1","1","0","0","1","0","0","1","1","0","0","0","1","0","0","1","0"
"Physena_madagascariensis",-0.181737721103921,-1.6202111444866,-4.73822773953331,-1.09101083076309,1.07870894414484,-2.39850789475588,-4.41516494903162,"0","1","0","1","0","1","1","0","1","0","0","1","0","1","0","0","0","0","1","1","0","0","1","0","1","0","0","1","0","0","0","1"
"Picramnia_polyantha",-1.2496789531331,-2.21804814524222,-4.04508055897337,-1.09101083076309,1.07870894414484,-2.34276777471839,-6.78671724622709,"0","1","0","1","0","1","1","0","1","0","0","1","0","0","0","1","0","0","1","1","0","0","1","1","0","0","0","1","0","0","1","0"
"Pinguicula_alpina",-3.40664730901444,-2.15866688689074,-1.60683663220538,-0.878218079949641,1.02045866116102,-1.14379711649874,-11.9176079458747,"1","0","0","1","0","1","0","1","1","0","0","1","0","0","0","1","0","1","0","0","1","1","0","1","0","0","0","1","0","0","1","0"
"Piper_amalago",-1.79460830401357,-2.31335832504655,-3.49741708899268,-0.93910364899039,1.06252830998267,-1.36910390049902,-7.69810024069861,"0","1","0","1","0","1","0","1","1","0","0","1","0","0","0","1","0","0","1","1","0","1","0","1","0","0","0","1","0","0","1","0"
"Piper_arboreum",-1.31694108711244,-2.24393200719739,-4.08895211090977,-0.932714011614263,1.01614382538444,-2.35135163616665,-7.9956346095934,"0","1","0","1","0","1","0","1","1","0","0","1","0","1","0","1","0","0","1","1","0","0","1","0","1","0","0","1","0","0","1","0"
"Pitcairnia_albiflos",-3.03942531605423,-2.22001453775065,-3.32569082249091,-0.842048640043467,1.01614382538444,-1.67296819098559,-7.40188039934404,"1","0","0","1","0","1","0","1","1","0","0","1","1","0","0","1","1","0","0","1","0","1","0","1","0","0","0","1","0","0","1","0"
"Pittosporum_dasycaulon",-2.07646557534251,-2.31335832504655,-3.03347964729489,-0.95931815004852,1.04095413109977,-1.69643992989235,-7.63037542535068,"0","1","0","1","0","1","0","1","1","0","0","1","0","0","0","1","0","1","0","0","1","1","1","0","0","0","1","0","0","1","1","0"
"Plantago_lanceolata",-4.51570632538861,-2.53650187636076,-3.61987511221903,-1.09101083076309,1.07870894414484,-2.74375892417291,-7.70548034799623,"1","0","0","1","0","1","1","0","1","0","0","1","0","1","0","1","0","1","0","0","1","1","1","0","1","0","1","1","0","0","1","1"
"Platea_latifolia",-0.392498048541368,-2.31335832504655,-4.73822773953331,-1.09101083076309,1.07870894414484,-2.38896445479126,-4.34945992976695,"0","1","0","1","0","1","1","0","1","0","0","1","0","0","0","1","0","0","1","1","0","0","1","1","0","0","0","1","0","0","0","1"
"Plocosperma_buxifolium",-0.644928165571261,-2.31335832504655,-4.33276263142515,-1.09101083076309,1.07870894414484,-2.05061174361296,-4.97448552305528,"0","1","0","1","0","1","1","0","1","0","0","1","0","0","0","1","0","0","1","1","0","0","1","1","0","0","0","0","0","1","1","0"
"Plumbago_auriculata",-2.63800442635983,-2.31335832504655,-4.73822773953331,-1.78415801132304,1.0247734969376,-0.633545723826321,-5.31434185766074,"0","1","0","1","0","1","0","1","1","0","0","1","0","0","0","1","0","0","1","1","0","1","0","1","0","0","0","1","0","0","1","0"
"Podophyllum_peltatum",-3.27399319307983,-1.21474603637844,-0.970075104524869,-1.78415801132304,0.8780690805339,-0.218030279864655,-7.25276865079864,"1","0","0","1","0","1","0","1","1","0","0","1","0","0","0","1","0","0","1","1","0","1","0","1","0","0","1","1","0","0","1","0"
"Poeppigia_procera",-1.49682786316373,-1.6202111444866,-2.65878619785348,-1.78415801132304,1.00967157171957,-1.24778224995809,-6.80635861925319,"0","1","0","1","0","1","0","1","1","0","0","1","0","0","0","1","1","0","0","1","0","1","0","0","0","0","1","1","0","0","1","0"
"Polycarpon_tetraphyllum",-3.96714037363977,-2.91119532580217,-1.5668354238537,-0.605352843675092,0.992412228613252,-1.97353636411002,-10.6648449773793,"1","0","0","1","0","1","0","1","0","1","0","0","1","0","0","1","0","0","1","1","0","1","0","1","0","0","0","1","0","0","1","0"
"Polygala_lewtonii",-3.22165407696797,-1.84335469580081,-4.73822773953331,-1.09101083076309,0.981625139171804,-1.5087015471244,-7.11769386118089,"1","0","0","1","0","1","0","1","1","0","1","0","0","0","0","1","0","0","1","0","1","1","0","1","0","0","0","0","0","1","1","0"
"Populus_alba",-0.943135064979535,-1.72557166014443,-3.993067896511,-1.14195070779885,0.772355604007706,-2.30961953603072,-9.14501922363493,"0","1","0","1","0","1","1","0","1","0","0","1","0","1","0","0","1","0","0","1","0","0","1","0","1","0","0","1","0","0","0","1"
"Portulaca_oleracea",-3.67945830118799,-1.67150443887415,-0.643883177311213,-0.280080614546764,1.07870894414484,-2.11515026475054,-9.9716977968194,"1","0","0","1","0","1","0","1","0","1","0","0","1","0","0","1","0","0","1","1","0","1","0","1","0","0","0","1","0","0","1","0"
"Posidonia_australis",-3.67945830118799,-2.82418394881254,-4.73822773953331,-1.78415801132304,0.398043600389446,-2.41517179333833,-8.82936165899916,"1","0","0","1","1","0","0","1","1","0","1","0","0","1","0","0","1","0","0","1","0","1","0","0","1","0","0","1","0","0","0","1"
"Posoqueria_latifolia",0.163571832753204,-2.31335832504655,-3.95837648938583,-1.09101083076309,1.07870894414484,-1.51844895313916,-4.72354654062073,"0","1","0","1","0","1","0","1","1","0","0","1","0","0","0","1","0","0","1","1","0","1","0","1","0","0","0","0","0","1","1","0"
"Potamogeton_berchtoldii",-2.76227664157197,-2.53650187636076,-4.73822773953331,-0.397863650203147,0,-2.25008560987857,-7.90122492512232,"1","0","0","1","1","0","0","1","1","1","1","0","0","1","0","0","1","0","0","1","0","0","1","0","1","0","0","1","0","0","0","1"
"Primula_sieboldii",-4.16288495076587,-2.31335832504655,-1.92774173599659,-0.174720098888937,1.07870894414484,-1.7537813326066,-9.43270129608671,"1","0","0","1","0","1","0","1","1","0","0","1","0","0","0","1","0","1","0","0","1","1","0","1","0","0","0","1","0","0","1","0"
"Prionotes_cerinthoides",-2.70278346586582,-2.31335832504655,-2.89377685862214,-0.174720098888937,1.07870894414484,-1.02771127668055,-6.65718483999591,"1","0","1","0","0","1","0","1","1","0","0","1","0","0","0","1","1","0","0","1","0","1","0","1","0","0","0","1","0","0","1","0"
"Prunus_persica",-0.529575347806742,-0.0941548409915509,-4.04508055897337,-1.78415801132304,0.819818797550079,-1.08117404541275,-0.0709604512092219,"0","1","0","1","0","1","0","1","1","0","1","1","0","0","0","1","0","0","1","1","0","1","0","1","0","0","0","1","0","0","1","0"
"Putranjiva_roxburghii",0.2704978141071,-2.77011672754226,-4.04508055897337,-0.685545722654928,1.07870894414484,-2.29747182154449,-1.66314667051961,"0","1","0","1","0","1","1","0","1","0","0","1","0","1","0","0","1","0","0","1","0","0","1","0","1","0","0","1","0","0","1","1"
"Qualea_grandiflora",0.00942115292594548,-3.92279623748065,-0.712876048798164,-0.685545722654928,1.07870894414484,-1.13432101173881,-5.42183450933439,"0","1","0","1","0","1","0","1","1","0","0","1","0","0","0","1","1","0","0","1","0","1","0","1","0","0","0","0","0","1","1","0"
"Quercus_rubra",0.9257118848001,-2.13103676825259,-4.04508055897337,-0.685545722654928,0.94494903507088,-2.19153138216908,0.0474308164421673,"0","1","0","1","0","1","0","1","1","0","0","1","0","1","0","0","0","0","1","1","0","0","1","0","1","0","0","1","0","0","0","1"
"Quinchamalium_chilense",-4.02429878747972,-2.31335832504655,-4.73822773953331,-1.78415801132304,0.977310303395225,-1.64306546930098,-7.03860109425689,"1","0","0","1","0","1","0","1","1","0","0","1","0","0","0","1","1","0","0","1","0","1","0","1","0","0","0","1","0","0","1","0"
"Quintinia_hyehenensis",-0.642904033113745,-2.31335832504655,-4.02273462542811,-0.280080614546764,1.0560560563178,-2.5206153728587,-3.93973683985257,"0","1","0","1","0","1","1","0","1","0","0","1","0","0","0","1","1","0","0","1","0","0","1","1","0","0","0","1","0","0","1","0"
"Rafflesia_keithii",0.00548675903240933,-0.23391678336671,-2.91640747131252,-0.422114323751177,0.852180065874424,2.55455844237513,-2.71678884990152,"0","1","0","1","0","1","1","0","1","0","0","1","0","0","0","1","0","0","1","1","1","0","1","1","0","0","0","1","0","0","1","1"
"Ranunculus_acris",-3.02887073504684,0.171548324741455,-4.73822773953331,1.21157426223095,0,-1.06200035015918,-7.4632606496212,"1","0","0","1","0","1","0","1","1","0","0","1","0","0","0","1","0","0","1","1","0","1","0","1","0","0","1","1","0","0","1","0"
"Ravenala_madagascariensis",0.127204188582329,-2.13103676825259,-2.21249909522506,-0.685545722654928,1.07870894414484,1.11697078686769,-2.51038586577325,"0","1","0","1","0","1","0","1","1","0","1","0","0","0","0","1","0","0","1","1","0","1","0","1","0","0","1","0","0","1","1","0"
"Reseda_lutea",-2.90114071369967,-2.59098878453356,-2.52791400568097,-0.79755432426674,0.978389012339369,-0.990119891888668,-8.28002178614833,"1","0","0","1","0","1","1","0","1","1","0","1","0","0","0","1","0","0","1","1","0","1","0","1","0","0","0","0","0","1","1","1"
"Rhizophora_stylosa",0.127204188582329,-1.84335469580081,-4.04508055897337,-1.09101083076309,1.07870894414484,-1.98620752204626,2.39366535817851,"0","1","0","1","0","1","0","1","1","0","1","0","0","1","0","0","1","0","0","1","0","1","0","0","1","0","0","1","0","0","1","1"
"Ribes_aureum",-1.78233831630211,-2.31335832504655,-3.50446447787459,-1.09101083076309,1.03232445954661,-1.35746456305302,-7.4927613140179,"0","1","0","1","0","1","0","1","1","0","0","1","0","0","0","1","1","0","0","1","0","1","0","1","0","0","0","1","0","0","1","0"
"Roridula_dentata",-1.78233831630211,-2.31335832504655,-4.73822773953331,-0.685545722654928,1.07870894414484,-0.9111774604246,-6.08250745782722,"0","1","0","1","0","1","0","1","1","0","0","0","1","0","1","1","0","1","0","0","1","1","0","0","1","0","0","1","0","0","1","1"
"Roridula_gorgonias",-2.47548549686205,-2.31335832504655,-3.6396154508652,-0.685545722654928,1.07870894414484,-0.9111774604246,-7.87455667804016,"1","1","0","1","0","1","0","1","1","0","0","0","1","0","1","1","0","1","0","0","1","1","0","0","1","0","0","1","0","0","1","1"
"Roupala_montana",-0.683726027634,-2.53650187636076,-4.04508055897337,-1.78415801132304,1.0031993180547,-2.08236044192755,-4.15543733873651,"0","1","0","1","0","1","0","1","1","0","0","1","0","0","0","1","1","0","0","1","0","1","0","1","0","0","0","1","0","0","1","0"
"Rourea_induta",-1.08919113574216,-1.6202111444866,-3.27275651728724,-0.597424374634279,1.05929218315023,-1.73215801249443,-4.66383960703978,"0","1","0","1","0","1","0","1","1","0","0","1","0","0","0","1","1","0","0","1","0","1","0","1","0","0","0","1","0","0","1","0"
"Ruellia_ciliatiflora",-2.30173530323384,-2.39488034725375,-2.7944060263931,-0.787431470749507,1.06144960103852,-0.77049600811143,-7.31745030171017,"1","1","0","1","0","1","0","1","1","0","1","0","0","0","0","1","1","0","0","1","0","1","0","1","0","0","0","0","0","1","1","0"
"Ruta_graveolens",-2.47548549686205,-1.72557166014443,-3.35193337841342,-0.397863650203147,1.07870894414484,-1.44609521438989,-7.29754914739287,"0","1","0","1","0","1","0","1","1","0","0","1","0","0","0","1","0","1","0","0","1","1","0","1","0","0","1","1","0","0","1","0"
"Sagina_procumbens",-4.08492340929616,-2.53650187636076,-1.6164179507506,-0.397863650203147,0.94494903507088,-3.43690610473286,-11.9176079458747,"1","0","0","1","0","1","0","1","1","0","0","0","1","0","1","1","0","1","0","0","1","1","0","1","0","0","0","1","0","0","0","1"
"Sagittaria_latifolia",-3.27489164629167,-0.521598855818491,-1.48614707971602,0.00760145790501712,0.634280859157167,-0.441173831178865,-8.58540343569951,"1","0","0","1","0","1","1","1","1","0","0","1","0","0","0","1","1","0","0","1","0","0","1","1","0","0","0","1","0","0","1","0"
"Salpiglossis_sinuata",-2.47548549686205,-2.53650187636076,-0.88166803633216,-1.09101083076309,1.07870894414484,-0.12272010006033,-10.3081700334406,"1","0","0","1","0","1","0","1","0","1","0","1","0","0","1","1","0","1","0","0","1","1","0","1","0","0","0","0","0","1","1","0"
"Santalum_spicatum",-0.5983045664751,-2.53650187636076,-4.16674978979281,-0.767782044349228,0.967601922897921,-1.79932411142821,-0.655634117859266,"0","1","0","1","0","1","0","1","1","0","0","1","0","0","0","1","0","0","1","1","0","1","0","1","0","1","0","1","0","0","1","1"
"Sarracenia_purpurea",-3.86177985798195,0.251591032414991,0.9036793314048,-0.174720098888937,1.07870894414484,-0.0357087230707004,-7.44027113139651,"1","0","0","1","0","1","0","1","1","0","0","1","0","0","0","1","0","1","0","0","1","1","0","1","0","0","0","1","0","0","1","1"
"Sauvagesia_rhodoleuca",-2.3357235544869,-2.31335832504655,-3.48619736367013,-0.685545722654928,1.0247734969376,-2.47182520868927,-5.76289681943028,"0","1","0","1","0","1","0","1","1","0","0","1","0","0","0","1","1","0","0","1","0","1","0","1","0","0","0","1","0","0","1","0"
"Saxifraga_cernua",-4.33981565892495,-1.6202111444866,0.708509632132997,-1.09101083076309,0.755096260901389,0.880582008803455,-7.91274850750538,"1","0","0","1","0","1","1","1","1","0","0","1","0","0","0","1","1","0","1","1","0","1","0","1","0","0","0","1","0","0","1","0"
"Schinus_molle",-0.335419333365784,-1.6202111444866,-4.73822773953331,-0.685545722654928,1.07870894414484,-2.15094971622174,-4.57969494619404,"0","1","0","1","0","1","1","0","1","0","0","1","0","0","0","1","1","0","1","1","0","0","1","1","0","0","0","1","0","0","1","1"
"Schisandra_chinensis",-2.58233673471318,-2.21804814524222,-3.82193700765916,1.51167885468129,0,-1.62682266346737,-6.07696628850131,"1","0","1","0","0","1","0","1","1","0","1","0","0","0","0","1","1","0","0","1","0","0","1","1","0","0","0","1","0","0","1","0"
"Schizanthus_grahamii",-3.168632677422,-3.2296490569207,-2.31332583410418,-1.09101083076309,1.07870894414484,-0.762757455306327,-7.79857077106224,"1","0","0","1","0","1","0","1","0","1","1","0","0","0","0","1","1","0","0","1","0","1","0","1","0","0","0","0","0","1","1","0"
"Scleranthus_annuus",-4.47796599740576,-2.67003326898528,-4.73822773953331,-1.09101083076309,1.07870894414484,-3.72458817718464,-7.81496458083792,"1","0","0","1","0","1","1","1","0","1","0","1","1","0","1","1","0","1","0","0","1","1","0","1","1","0","0","1","0","0","1","1"
"Senecio_vulgaris",-3.06293988183673,-2.19365872794757,-0.994962725534377,-0.963979047347767,1.03663929532319,-0.849135639789066,-9.56623268871123,"1","0","0","1","0","1","0","1","0","1","0","1","0","0","0","1","1","0","0","1","0","1","0","1","0","0","0","1","0","0","1","0"
"Sesamum_indicum",-2.2931639400681,-2.53650187636076,-2.81886365553004,-1.09101083076309,1.07870894414484,-0.951999454944855,-7.21259242491691,"1","0","0","1","0","1","0","1","0","1","1","0","0","0","0","1","0","1","0","0","1","1","0","1","0","0","0","0","0","1","1","0"
"Sextonia_rubra",1.21339395725188,-1.72557166014443,-4.73822773953331,-1.78415801132304,0.923374856187983,-1.58085233344547,-2.85302267580643,"0","1","0","1","0","1","0","1","1","0","0","1","0","0","0","1","0","1","1","1","1","1","0","0","0","1","0","1","0","0","1","0"
"Silene_vulgaris",-2.98631112062805,-1.6202111444866,-2.00719137162964,-0.787319422150671,1.07870894414484,-1.12740434874287,-7.8067340817014,"1","0","0","1","0","1","1","0","1","0","1","0","0","0","0","1","1","0","0","1","0","1","1","1","0","1","0","1","0","1","1","0"
"Simmondsia_chinensis",-0.360599390902116,-1.6202111444866,-4.26673212353502,-0.685545722654928,1.07870894414484,-2.74375892417291,-1.70131897009384,"0","1","0","1","0","1","1","0","1","0","0","1","0","1","0","0","0","0","1","1","0","0","1","0","1","0","0","1","0","0","1","1"
"Sinojackia_xylocarpa",-1.32784820725233,-1.35784688001911,-2.792317590478,-0.685545722654928,1.07870894414484,-1.26785240436333,-5.36477246587316,"0","1","0","1","0","1","0","1","1","0","0","1","0","0","0","1","1","0","0","1","0","1","0","1","0","0","0","1","0","0","1","0"
"Solanum_dulcamara",-2.3357235544869,-2.31335832504655,-3.22128004284113,-1.09101083076309,1.07870894414484,-1.12274228515691,-4.73070692546308,"1","0","1","1","0","1","0","1","1","0","1","0","0","0","0","1","0","0","1","1","0","1","0","0","0","0","1","1","0","0","1","0"
"Spergularia_marina",-4.08492340929616,-2.45645916868722,-0.00202929113881788,-0.887047129834578,0.983782557060094,-1.88776163976973,-11.0013172140006,"1","0","0","1","0","1","0","1","0","1","0","0","1","0","1","0","1","0","0","1","0","1","0","1","0","0","0","1","0","0","1","1"
"Spigelia_marilandica",-3.27399319307983,-2.31335832504655,-1.14150501413872,-1.09101083076309,1.07870894414484,-0.505712352316436,-9.33297430919662,"1","0","0","1","0","1","0","1","1","0","0","1","0","0","0","1","0","1","0","0","1","1","0","1","0","0","0","1","0","0","1","1"
"Spiranthes_cernua",-3.67945830118799,-3.92279623748065,-0.852902482457992,-0.685545722654928,1.07870894414484,-0.990430039512253,-13.5270458583088,"1","0","0","1","0","1","0","1","1","0","0","1","1","0","1","1","1","0","0","1","0","1","0","1","0","0","0","0","0","1","1","1"
"Spondias_tuberosa",-0.683726027634,-1.6202111444866,-4.73822773953331,-0.280080614546764,0.960050960288907,-1.53596332564793,-0.761357424843217,"0","1","0","1","0","1","0","1","1","0","0","1","0","0","0","1","0","0","1","1","0","1","0","1","0","1","0","1","0","0","1","0"
"Staphylea_trifolia",-1.33685153384446,-2.31335832504655,-2.54100316219709,-0.867867279448883,1.07870894414484,-2.01379777049025,-4.08084316261065,"0","1","0","1","0","1","0","1","1","0","0","1","0","0","0","1","1","0","0","1","0","1","0","1","0","0","1","1","0","0","1","1"
"Stellaria_media",-4.08492340929616,-2.21804814524222,-1.58986214848851,-0.792086592650646,1.00104190016641,-2.47182520868927,-8.97316896670827,"1","0","0","1","0","1","0","1","1","1","0","0","1","0","1","1","0","1","0","0","1","1","0","1","0","0","0","1","0","0","1","1"
"Sterculia_apetala",1.07986256462736,-1.21474603637844,-2.34033246673494,-0.174720098888937,0.215741788828968,-1.13432101173881,-0.45676556077471,"0","1","0","1","0","1","0","1","1","0","0","1","0","0","0","1","0","0","1","1","0","1","1","1","0","0","0","1","0","0","1","1"
"Stylidium_graminifolium",-3.16651113120874,-3.2296490569207,-0.238418069203048,-1.09101083076309,1.07870894414484,-1.82746819229876,-9.72038336853849,"1","0","0","1","0","1","0","1","1","0","0","1","0","0","0","1","0","1","0","0","1","1","0","1","0","0","0","0","0","1","1","0"
"Swietenia_macrophylla",0.9257118848001,-1.6202111444866,-2.09917040991805,-0.174720098888937,1.07870894414484,-1.82746819229876,-1.68638261989445,"0","1","0","1","0","1","0","1","1","0","0","1","0","0","0","1","1","0","0","1","0","0","1","1","0","0","0","1","0","0","1","1"
"Syringa_vulgaris",-0.683726027634,-3.2296490569207,-4.04508055897337,-1.09101083076309,1.07870894414484,-1.86470299128181,-6.28818988650737,"0","1","0","1","0","1","0","1","1","0","0","1","0","0","0","1","0","0","1","1","0","1","0","1","0","0","1","1","0","0","1","0"
"Tacca_chantrieri",-2.76316756931384,-2.13103676825259,0.914261440735337,-0.734814971142003,0.982703848115949,-1.20467946156078,-6.26687469230833,"1","0","0","1","0","1","0","1","1","0","0","0","1","0","1","1","0","0","1","1","0","1","0","1","0","0","0","1","0","0","1","1"
"Tacca_leontopetaloides",-2.47548549686205,-2.13103676825259,-1.60273352360416,-0.685545722654928,1.0247734969376,-1.28164978427274,-4.87313884357675,"1","0","0","1","0","1","0","1","1","0","0","1","0","0","0","1","1","0","0","1","0","1","0","1","0","0","0","1","0","0","1","1"
"Talinum_paniculatum",-2.90626841295451,-1.165955872209,-1.79378876036687,-0.685545722654928,0.923374856187983,-2.00182157944353,-8.55031211588824,"1","0","0","1","0","1","0","1","1","0","0","1","0","0","0","1","0","1","0","0","1","1","0","1","0","0","1","1","0","0","1","0"
"Tectona_grandis",1.21339395725188,-2.13103676825259,-2.99194058281493,-0.687375506661613,0.977310303395225,-2.42530519305438,-1.45970381217085,"0","1","0","1","0","1","0","1","1","0","0","1","0","0","0","1","1","0","0","1","0","1","0","1","0","0","0","1","0","0","1","0"
"Tetracentron_sinense",1.21339395725188,-2.53650187636076,-2.94646827030526,-0.397863650203147,0.862967155315873,-3.72458817718464,-9.90270492533245,"0","1","0","1","0","1","0","1","1","0","1","0","0","1","0","1","1","0","0","1","0","1","0","1","1","0","1","1","0","0","1","1"
"Tetratheca_aphylla",-1.83363161068966,-1.6202111444866,-4.73822773953331,-0.685545722654928,1.02261607904931,-1.65918696977966,-5.77163028276919,"0","1","0","1","0","1","0","1","1","0","0","1","0","0","0","1","0","1","1","0","1","1","0","0","0","0","1","1","0","0","1","0"
"Tetroncium_magellanicum",-2.18171946019095,-2.53650187636076,-4.73822773953331,-0.397863650203147,0.323612683243452,-2.03775917961686,-7.02721939935094,"1","0","0","1","1","0","1","0","1","0","0","1","0","1","0","0","0","0","1","1","0","0","1","0","1","0","0","0","1","0","1","0"
"Thalictrum_minus",-2.66785738950951,-1.39706759317239,-4.73822773953331,0.263534832042218,0,-2.18414313623749,-7.27321704673334,"1","0","0","1","0","1","0","1","1","0","0","1","0","1","0","1","0","1","0","0","1","1","0","0","1","0","1","1","0","0","1","1"
"Theobroma_cacao",0.41488626103411,-2.31335832504655,-3.77031325828057,-0.174720098888937,1.07870894414484,-1.82746819229876,-0.459772447222444,"0","1","0","1","0","1","0","1","1","0","1","1","0","0","0","1","0","0","1","1","0","1","0","1","0","0","0","1","0","0","1","0"
"Thymelaea_hirsuta",-2.00548186761632,-1.84335469580081,-4.73822773953331,-1.78415801132304,0.892092296807783,-0.76736575839252,-6.88390737884746,"0","1","0","1","0","1","1","1","1","0","0","1","0","1","0","1","0","0","1","1","0","0","1","0","1","0","0","1","0","0","0","1"
"Titanotrichum_oldhamii",-2.31264854008399,-2.53650187636076,-2.8972949316266,-0.717709244389028,1.02693091482589,-0.574705223803388,-6.90944815504372,"1","0","0","1","0","1","0","1","1","0","1","1","0","0","0","1","0","0","1","1","0","1","0","1","0","0","1","0","0","1","1","0"
"Trachelium_caeruleum",-2.47548549686205,-2.31335832504655,-2.25955180384404,-0.595472988067613,1.01182898960786,-2.5206153728587,-12.6107551264347,"1","0","0","1","0","1","0","1","1","0","1","1","0","0","0","1","0","1","0","0","1","1","0","1","0","0","1","1","0","0","1","0"
"Tragopogon_dubius",-2.83216044080079,-2.31335832504655,-4.73822773953331,-1.09101083076309,1.07870894414484,-1.47251895891926,-5.78964765417819,"1","0","0","1","0","1","0","1","0","1","0","0","1","0","0","1","1","0","1","1","0","1","0","1","0","0","0","0","0","1","1","0"
"Tribulus_terrestris",-3.52530762136073,-1.6202111444866,-1.74249546597932,-0.174720098888937,1.07870894414484,-1.93282870795658,-5.20040802861363,"1","0","0","1","0","1","0","1","0","1","0","1","0","0","0","1","0","0","1","1","0","1","0","1","0","0","1","1","0","0","1","0"
"Trichilia_emetica",0.9257118848001,-1.6202111444866,-4.04508055897337,-0.685545722654928,1.07870894414484,-1.35746456305302,-1.45170851810116,"0","1","0","1","0","1","1","0","1","0","0","1","0","0","0","1","0","0","1","1","0","0","1","1","0","0","0","1","0","0","1","1"
"Trillium_erectum",-3.67945830118799,-2.13103676825259,-2.41857569159327,-0.685545722654928,1.01614382538444,-1.42491333983386,-7.5036923806819,"1","0","0","1","0","1","0","1","1","0","1","1","0","0","0","1","0","0","1","0","1","1","0","1","0","0","1","1","0","0","1","1"
"Trithuria_submersa",-5.06575266230788,-3.92279623748065,-4.73822773953331,-1.78415801132304,0.680665343755395,-1.82746819229876,-7.08536268967262,"1","0","0","1","1","0","0","1","0","1","0","0","1","1","0","0","0","1","0","0","1","0","1","0","1","0","0","1","0","0","1","0"
"Trochocarpa_laurina",-0.845705742003495,-1.6202111444866,-4.73822773953331,0.518427081671008,1.07870894414484,-3.21376255341865,-4.80161972831412,"0","1","0","1","0","1","0","1","1","0","0","1","0","0","0","1","1","0","1","1","0","1","0","1","0","0","0","1","0","0","1","0"
"Tropaeolum_majus",-1.80701931967046,-1.84335469580081,-3.21445843112577,-0.725311360988335,1.0441902579322,-0.334564096120607,-3.01719525529763,"1","0","1","1","0","1","0","1","1","1","0","1","0","0","0","1","1","0","0","1","0","1","0","1","0","0","1","0","0","1","1","0"
"Tropaeolum_tricolor",-1.78233831630211,-1.84335469580081,-4.73822773953331,-0.685545722654928,1.07870894414484,-0.728855903630646,-4.84858451929645,"1","0","0","1","0","1","0","1","1","0","0","1","0","0","0","1","0","0","1","1","0","1","0","1","0","0","1","0","0","1","1","0"
"Turnera_ulmifolia",-2.60901688948658,-2.31335832504655,1.48534010026035,-0.685545722654928,1.07870894414484,-0.218030279864655,-7.89225625513956,"0","1","0","1","0","1","0","1","1","0","0","1","1","0","0","1","0","0","1","0","1","1","0","1","0","0","0","1","0","0","1","0"
"Typha_latifolia",-1.66455528064573,-3.2296490569207,-4.73822773953331,-1.78415801132304,0.837078140656396,-2.27931864777706,-10.0458057689731,"1","0","0","1","0","1","0","1","1","0","0","1","0","1","0","0","1","0","0","1","0","0","1","0","1","0","0","1","0","0","0","1"
"Urtica_dioica",-1.91586970892663,-2.53650187636076,-4.73822773953331,-1.78415801132304,0.865124573204162,-2.21138780369712,-9.83816640419488,"1","0","0","1","0","1","1","0","1","0","0","1","0","1","0","0","0","0","1","1","0","0","1","0","1","0","0","1","1","0","0","1"
"Vaccinium_uliginosum",-2.98631112062805,-1.72557166014443,-2.54283305958006,-0.53139504282767,1.07870894414484,-2.33829381606475,-9.27855061625945,"0","1","0","1","0","1","0","1","1","0","0","1","1","0","0","1","0","0","1","1","0","1","0","1","0","0","0","1","0","0","1","1"
"Valeriana_officinalis",-2.76316756931384,-2.82418394881254,-4.73822773953331,-0.685545722654928,1.02261607904931,-2.5206153728587,-7.79047356082962,"1","0","0","1","0","1","0","1","1","0","0","1","0","0","0","1","1","0","0","1","0","1","0","1","0","0","1","0","1","0","1","0"
"Verbascum_thapsus",-1.78233831630211,-2.31335832504655,-2.6709631169584,-1.09101083076309,1.07870894414484,-1.42200308419059,-10.3081700334406,"1","0","0","1","0","1","0","1","0","1","1","0","0","0","0","1","0","0","1","1","0","1","0","1","0","0","1","0","0","1","1","0"
"Veronica_anagallis-aquatica",-3.07332249761768,-3.2296490569207,-3.06350262058006,-1.09101083076309,0.933083236685286,-2.29747182154449,-10.8189956572066,"1","0","0","1","0","1","0","1","1","0","0","0","1","1","0","1","1","0","0","1","0","1","0","0","1","0","0","0","0","1","1","0"
"Viburnum_rufidulum",-0.683726027634,-2.31335832504655,-4.24364932539735,-0.7825356693669,1.05713476526194,-2.28950365189531,-3.60977868236431,"0","1","0","1","0","1","0","1","1","0","0","1","0","0","0","1","0","0","1","1","0","1","0","0","0","0","1","1","0","0","1","0"
"Viola_pubescens",-3.76646967817762,-2.31335832504655,-2.54100316219709,-0.685545722654928,1.07870894414484,-1.21237544273854,-7.32248809574012,"1","0","0","1","0","1","0","1","1","0","1","0","0","0","1","1","0","1","1","0","1","1","0","1","0","0","1","0","0","1","1","0"
"Vitex_negundo",-0.708978333720596,-2.20796355514931,-4.17745736327454,-0.677132834612927,1.07870894414484,-1.69769103271618,-4.90549265156833,"0","1","0","1","0","1","0","1","1","0","0","1","0","0","0","1","0","0","1","1","0","1","0","1","0","0","0","0","0","1","1","0"
"Vitis_labrusca",-0.418589165236822,-2.31335832504655,-3.95035331800328,-0.728563034360527,1.03556058637905,-3.43690610473286,-4.00463572582402,"0","1","1","0","0","1","0","1","1","0","0","1","0","0","0","1","0","0","1","1","0","1","0","1","0","0","0","1","0","0","0","1"
"Viviania_marifolia",-1.08919113574216,-1.6202111444866,-4.04508055897337,-0.685545722654928,1.07870894414484,-1.97390399106029,-7.56089911918512,"1","0","0","1","0","1","0","1","1","0","0","1","0","0","0","1","1","0","1","1","0","1","0","1","0","0","0","1","0","0","1","0"
"Vriesea_carinata",-2.50258049347289,-2.13103676825259,-2.25949528065914,-0.685545722654928,1.01614382538444,-1.44544909561292,-9.43270129608671,"1","0","0","1","0","1","0","1","1","0","1","0","0","0","0","1","1","0","0","1","0","1","0","1","0","0","0","1","0","1","1","0"
"Warburgia_ugandensis",-0.168692174204306,-1.6202111444866,-4.1379774672652,-0.174720098888937,1.07870894414484,-2.11702349159317,0.656574021219856,"0","1","0","1","0","1","0","1","1","0","0","1","0","0","0","1","0","0","1","1","0","1","0","1","0","0","0","1","0","0","1","1"
"Wurmbea_biglandulosa",-2.68178191503793,-2.13103676825259,-1.6701748043997,-0.685545722654928,1.02693091482589,-1.43881020250697,-8.14484700778007,"1","0","0","1","0","1","1","1","1","0","0","1","0","0","0","1","0","1","0","0","1","1","1","1","0","0","0","1","0","0","1","0"
"Xanthosoma_sagittifolium",-1.78233831630211,-2.31335832504655,-1.1828796780439,-0.337239028386712,1.07870894414484,-1.49865252813394,-7.75541485784049,"1","0","0","1","0","1","0","1","1","0","0","1","0","0","0","1","0","1","1","1","1","0","1","0","0","1","0","1","0","0","1","0"
"Ximenia_americana",-0.866047584427954,-1.93036607279044,-4.73822773953331,-0.397863650203147,1.03771800426734,-1.6451466355048,-1.24070745305998,"0","1","0","1","0","1","0","1","1","0","0","1","0","0","0","1","1","0","1","1","0","1","0","1","0","0","0","1","0","0","1","1"
"Zea_mays",-1.29683050052041,-2.82418394881254,-4.73822773953331,-1.78415801132304,0.891013587863638,-2.12183925290133,-2.28298071154978,"1","0","0","1","0","1","0","1","0","1","0","1","0","1","0","0","0","0","1","1","0","0","1","0","1","0","0","1","0","0","0","1"
"Zelkova_serrata",0.9257118848001,-1.97688608842533,-4.73822773953331,-1.09101083076309,0.948185161903314,-1.93282870795658,-5.05589660539398,"0","1","0","1","0","1","0","1","1","0","0","1","0","1","0","0","1","0","0","1","0","1","1","0","1","0","0","1","0","0","0","1"
"Zostera_marina",-2.83216044080079,-3.92279623748065,-4.73822773953331,-1.09101083076309,0.672035672202236,-2.14820617260611,-6.73863733695924,"1","0","0","1","1","0","0","1","1","0","1","0","0","1","0","0","1","0","0","1","0","0","1","0","1","0","0","1","0","0","0","1"
