"","Maximum.vertical.height","Number.of.fertile.stamens","Number.of.ovules.per.carpel","Number.of.carpels","Fusion.of.ovaries","Flower.size","Woodiness_herbaceous","Woodiness_woody","Climbing_climbing","Climbing_non.climbing","SexualSystem_dimorphic","SexualSystem_monomorphic","Lifespan_long","Lifespan_short","Mating_mixed","Mating_outcrossing","Mating_selfing","Pollination_abiotic","Pollination_autonomous","Pollination_biotic","Dispersal_abiotic","Dispersal_autonomous","Dispersal_biotic","FlowerSex_bisexual","FlowerSex_unisexual","FloralReward_nectar","FloralReward_none","FloralReward_other","FloralReward_pollen","FlowerSymmetry_actinomorphic","FlowerSymmetry_other","FlowerSymmetry_zygomorphic","Showiness_bright","Showiness_dull"
"Abolboda_pulchella",-3.67945830118799,-2.82325757747075,-2.37737373841529,-0.920550430445206,1.04111853063541,-1.83405210184337,"1","0","0","1","0","1","1","0","0","1","0","0","0","1","1","0","0","1","0","1","0","0","0","0","0","1","1","0"
"Achatocarpus_praecox",-0.0717876623148939,-1.14928114389908,-4.73822773953331,-1.08982371705215,1.07887930635794,-1.75400939416984,"0","1","0","1","1","0","1","0","0","1","0","0","0","1","0","0","1","0","1","1","0","0","0","1","0","0","1","1"
"Acorus_calamus",-1.91586970892663,-2.13011039691081,-3.23415034275704,-0.684358608943988,1.07887930635794,-2.37304860257606,"1","0","0","1","0","1","1","0","0","1","0","0","0","1","1","0","0","1","0","0","0","1","0","0","0","1","1","1"
"Actinidia_chinensis",-0.866047584427954,1.12155525078039,-2.0301775384311,1.58432493237438,1.07887930635794,0.315770236598263,"0","1","1","0","1","0","1","0","0","1","0","1","0","1","0","0","1","0","1","0","1","0","0","1","0","0","1","0"
"Aerva_javanica",-2.47548549686205,-2.31243195370476,-4.73822773953331,-0.866680165737942,1.07887930635794,-2.93266439051148,"1","1","0","1","1","0","1","0","0","1","0","0","0","1","0","0","1","0","1","1","0","0","0","1","0","0","1","0"
"Aextoxicon_punctatum",-0.721680317362577,-2.21712177390044,-4.04508055897337,-1.7829708976121,0.959123703352207,-1.54637002939159,"0","1","0","1","1","0","1","0","0","1","0","0","0","1","0","0","1","0","1","1","0","0","0","1","0","0","1","0"
"Agalinis_neoscotica",-3.24037908857781,-2.53557550501897,-3.12162642669556,-1.08982371705215,1.00335775491288,-1.18346453570222,"1","0","0","1","0","1","0","1","1","0","0","0","0","1","1","0","0","1","0","1","0","0","0","0","0","1","1","0"
"Ailanthus_altissima",0.9257118848001,-1.61928477314482,-4.73822773953331,-0.173532985177997,0.964518099883997,-1.54637002939159,"0","1","0","1","1","0","1","0","0","1","0","0","0","1","1","0","0","0","1","1","0","0","0","1","0","0","1","1"
"Ajuga_reptans",-3.76646967817762,-2.53557550501897,-2.73671716136793,-1.08982371705215,1.07887930635794,-1.08420957760688,"1","0","0","1","1","1","1","0","0","1","0","0","0","1","0","0","1","1","1","1","0","0","1","0","0","1","1","0"
"Akebia_quinata",-0.22419369825556,-2.13011039691081,0.272407554562942,0.00878857161595773,0,-1.22791629827306,"0","1","1","0","0","1","1","0","0","1","0","0","0","1","0","1","0","0","1","0","1","0","1","1","0","0","1","0"
"Albizia_julibrissin",0.297103225377726,-0.70299404127066,-2.0301775384311,-1.7829708976121,0.849078014103697,-1.54637002939159,"0","1","0","1","0","1","1","0","0","1","0","0","0","1","1","1","0","1","1","1","0","0","1","1","0","0","1","1"
"Alepis_flavida",-0.549519979770701,-2.21712177390044,-2.91541658670563,-0.912238554048949,0.970991375722144,-0.853222848831646,"0","1","0","1","0","1","1","0","0","1","0","0","0","1","0","0","1","1","0","1","0","0","0","1","0","0","1","0"
"Allanblackia_floribunda",-0.689068875169095,1.29848595893946,1.48732029892721,-0.173532985177997,0.823184910751107,0.286211434356719,"0","1","0","1","1","0","1","0","0","1","0","0","0","1","0","0","1","0","1","1","0","0","0","1","0","0","1","0"
"Allium_sativum",-2.84206636782595,-2.13011039691081,-2.15541054976006,-0.684358608943988,0.97314913433486,-0.969396606421412,"1","0","0","1","0","1","1","0","0","0","1","0","0","1","0","0","1","1","1","1","0","0","0","1","0","1","1","0"
"Allium_schoenoprasum",-3.04895662078475,-2.13011039691081,-2.37850349233632,-0.893964520190827,1.02493534104004,-1.2840057649241,"1","0","0","1","0","1","1","0","0","1","0","0","0","1","0","0","1","1","0","1","0","0","0","0","0","1","1","0"
"Allocasuarina_verticillata",-0.492761073787191,-3.92186986613886,-4.73822773953331,-1.37750578950393,1.07887930635794,-1.42858699373521,"0","1","0","1","1","0","1","0","0","1","0","1","0","0","1","0","0","0","1","0","1","0","0","1","0","0","1","0"
"Alluaudia_procera",0.232564704240155,-1.84242832445902,-4.73822773953331,-0.684358608943988,1.07887930635794,-2.93266439051148,"0","1","0","1","1","0","1","0","0","1","0","0","0","1","0","0","1","0","1","1","0","0","0","0","1","0","1","1"
"Alnus_alnobetula",-0.172900403868009,-2.53557550501897,-4.33276263142515,-0.866680165737942,1.07887930635794,-1.73407812363714,"0","1","0","1","0","1","1","0","0","1","0","1","0","0","1","0","0","0","1","0","1","0","0","1","0","0","0","1"
"Aloe_thraskii",-1.46388458518357,-2.13011039691081,-2.81537924357429,-0.946588415455662,0.87389223814993,-0.468811149921314,"0","1","0","1","0","1","1","0","1","0","0","0","0","1","0","0","1","0","1","1","0","0","0","1","0","0","1","0"
"Alphitonia_excelsa",0.569036940861368,-2.31243195370476,-4.73822773953331,-0.684358608943988,1.06809051329436,-1.32322647807738,"0","1","0","1","0","1","1","0","0","1","0","0","0","1","0","0","1","1","0","1","0","0","0","1","0","0","1","1"
"Alseuosmia_macrophylla",-1.61048805937545,-2.31243195370476,-0.796645931863623,-1.08982371705215,0.951571548207701,-0.00147063809506205,"0","1","0","1","0","1","1","0","0","1","0","0","0","1","0","0","1","1","0","1","0","0","0","1","0","0","1","0"
"Alstroemeria_aurea",-2.76316756931384,-2.13011039691081,-1.6701748043997,-0.684358608943988,0.981780168785723,0.286211434356719,"1","0","0","1","0","1","1","0","1","1","0","0","0","1","0","1","0","1","0","1","0","0","0","0","0","1","1","0"
"Alyssum_simplex",-4.37260548174794,-2.13011039691081,-4.04508055897337,-1.08982371705215,1.07887930635794,-2.70952083919727,"1","0","0","1","0","1","0","1","0","0","1","0","0","1","1","0","0","1","0","1","0","0","0","1","0","0","1","0"
"Amborella_trichopoda",-0.396043955182219,-1.11850948523233,-4.73822773953331,-0.173532985177997,0,-2.23951720995154,"0","1","0","1","1","0","1","0","0","1","0","1","0","1","0","0","1","0","1","0","1","1","0","1","0","0","1","0"
"Amsonia_tabernaemontana",-2.90626841295451,-2.31243195370476,-2.83438726297217,-1.08982371705215,0,-0.681372591904987,"1","0","0","1","0","1","1","0","0","1","0","0","0","1","0","0","1","1","0","1","0","0","0","1","0","0","1","0"
"Anarthria_polyphylla",-4.7780705898561,-2.82325757747075,-4.73822773953331,-0.684358608943988,1.07887930635794,-1.88134743718341,"1","0","0","1","1","0","1","0","0","1","0","1","0","0","0","0","1","0","1","0","1","0","0","1","0","0","0","1"
"Angelonia_pubescens",-2.83216044080079,-2.53557550501897,-3.07621363177007,-1.08982371705215,1.07887930635794,-0.986754241456169,"1","0","0","1","0","1","0","1","0","0","1","0","0","1","1","0","0","1","0","0","0","1","0","0","0","1","1","0"
"Anigozanthos_humilis",-2.75342025173731,-2.13011039691081,-2.74194555225861,-0.829449945406016,1.00875215144467,-0.00147063809506205,"1","0","0","1","0","1","1","0","0","1","0","0","0","1","0","0","1","0","1","1","0","0","0","1","0","0","1","0"
"Annona_crassiflora",-2.72028856487263,-2.22105129316354,-2.83896692259524,-0.909159092810251,1.01630430658918,-0.144571481735735,"0","1","0","1","0","1","1","0","0","1","0","0","0","1","0","0","1","1","0","0","0","1","0","1","0","0","1","0"
"Antirrhinum_majus",-3.168632677422,-2.53557550501897,-2.67402494638013,-1.08982371705215,1.07887930635794,-0.0422926326153171,"1","0","0","1","0","1","1","0","0","1","0","0","0","1","0","1","0","1","0","0","0","0","1","0","0","1","1","0"
"Apium_graveolens",-2.47548549686205,-2.31243195370476,-4.73822773953331,-1.08982371705215,1.07887930635794,-3.22034646296326,"1","0","0","1","0","1","0","1","1","0","0","0","0","1","1","0","0","1","0","1","0","0","0","1","0","0","1","0"
"Aquilegia_canadensis",-3.11984251325257,-0.232990412024924,-0.420739625997003,-0.173532985177997,0,-0.224614189409272,"1","0","0","1","0","1","1","0","1","0","0","0","0","1","0","1","0","1","0","1","0","0","1","1","0","0","1","0"
"Arabidopsis_thaliana",-4.21845480192068,-2.13011039691081,-0.730894554300842,-1.08982371705215,1.07887930635794,-2.70952083919727,"1","0","0","1","0","1","0","1","0","0","1","0","1","1","1","1","0","1","0","1","0","0","0","1","1","0","1","0"
"Aralidium_pinnatifidum",-2.8208006589374,-2.31243195370476,-5.43137492009326,-0.684358608943988,1.07887930635794,-2.70952083919727,"0","1","0","1","1","0","1","0","0","1","0","0","0","1","0","0","1","0","1","1","0","0","0","1","0","0","1","0"
"Arctostaphylos_uva-ursi",-4.72928042568667,-1.61928477314482,-4.73822773953331,-0.173532985177997,1.07887930635794,-2.93266439051148,"0","1","0","1","0","1","1","0","0","1","0","0","1","1","0","0","1","1","0","1","0","0","0","1","0","0","1","0"
"Arum_maculatum",-3.58414812138367,-2.66910689764349,-3.90452349448617,-0.834999078221784,0.949413789594985,-1.77857725639157,"1","0","0","1","0","1","1","0","1","1","0","0","0","1","0","0","1","0","1","1","0","0","0","1","0","0","0","1"
"Asparagus_officinalis",-1.91586970892663,-2.13011039691081,-3.42116786210533,-0.684358608943988,1.07887930635794,-2.01637365863733,"1","0","0","1","1","0","1","0","0","1","0","0","0","1","0","0","1","0","1","1","0","0","1","1","0","0","1","1"
"Astelia_alpina",-2.71536854507849,-2.13011039691081,-1.1547088010772,-0.684358608943988,1.07887930635794,-2.23951720995154,"1","0","0","1","1","0","1","0","0","1","0","0","0","1","0","0","1","1","1","1","0","0","0","1","0","0","0","1"
"Audouinia_capitata",-3.39177622873621,-2.31243195370476,-2.94646827030526,-0.869598350654029,1.02493534104004,-1.32322647807738,"0","1","0","1","0","1","1","0","0","1","0","0","0","1","0","0","1","1","0","1","0","0","0","1","0","0","1","0"
"Avicennia_marina",-1.06449852315179,-2.53557550501897,-4.04508055897337,-1.08982371705215,1.07887930635794,-1.84242035151389,"0","1","0","1","0","1","1","0","1","0","0","0","0","1","1","0","0","1","0","1","0","0","0","1","0","0","1","0"
"Azima_tetracantha",-2.58084601251988,-2.53557550501897,-4.73822773953331,-1.08982371705215,1.07887930635794,-0.0704635095820134,"0","1","0","1","1","0","1","0","0","1","0","0","0","1","0","0","1","0","1","1","0","0","0","1","0","0","1","1"
"Bagassa_guianensis",0.9257118848001,-2.82325757747075,-4.1965453255575,-0.835744027708194,0.840446979652834,-1.34931409651125,"0","1","0","1","1","0","1","0","1","1","0","1","0","1","0","0","1","0","1","0","1","0","0","1","0","0","1","1"
"Balanophora_laxiflora",-2.92243933662472,-2.31243195370476,-3.94087374626372,-0.810812598518875,1.03140861687819,-0.917761369969217,"1","0","0","1","1","0","1","0","0","1","0","0","0","1","0","0","1","0","1","1","0","0","0","0","0","1","1","0"
"Balanops_pancheri",-1.08919113574216,-2.31243195370476,-4.04508055897337,-1.08982371705215,1.07887930635794,-1.31528988693263,"0","1","0","1","1","0","1","0","0","1","0","0","0","1","0","0","1","0","1","1","0","0","0","1","0","0","1","0"
"Bdallophytum_americanum",-4.27729530194361,-1.72464528880264,-3.96833067566307,0.468320900994398,0.73795344554883,-1.47988028812276,"1","0","0","1","1","0","1","0","0","1","0","0","0","1","0","0","1","0","1","1","0","0","0","1","0","0","1","0"
"Begonia_heracleifolia",-2.92188091229532,-0.808354556928486,-2.56287034411685,-0.684358608943988,0.893312065664373,-1.14090492128343,"1","0","0","1","0","1","1","1","1","0","0","0","0","1","0","0","1","1","0","1","0","0","1","0","0","1","1","0"
"Bergeranthus_multiceps",-2.76710402325783,1.28488030688369,-2.11653921893891,-0.16065346604736,0.781108617803148,-0.630079297517436,"1","0","0","1","0","1","1","0","0","1","0","0","0","1","0","0","1","1","0","1","0","0","1","1","0","0","1","0"
"Berteroa_incana",-2.83216044080079,-2.13011039691081,-3.38126583692086,-1.08982371705215,1.07887930635794,-2.52719928240332,"1","0","0","1","0","1","1","1","0","1","0","0","0","1","1","0","0","1","0","1","0","0","0","1","0","0","1","0"
"Bertholletia_excelsa",1.43653750856609,0.814328582255635,-2.54100316219709,-0.396676536492206,1.07887930635794,-0.406935746203226,"0","1","0","1","0","1","1","0","0","1","0","0","0","1","0","0","1","1","0","1","0","0","1","0","0","1","1","0"
"Beta_vulgaris",-1.78233831630211,-2.31243195370476,-4.73822773953331,-0.866680165737942,1.07887930635794,-2.01637365863733,"1","0","0","1","1","1","1","1","1","1","0","1","0","0","1","1","0","1","0","0","1","0","0","1","0","0","0","1"
"Bixa_orellana",-0.172900403868009,2.13021930278556,-0.895197605592118,-1.08982371705215,1.07887930635794,0.180850918698893,"0","1","0","1","0","1","1","0","1","1","0","0","0","1","0","0","1","1","0","0","0","0","1","1","0","0","1","0"
"Borago_officinalis",-3.168632677422,-2.31243195370476,-4.04508055897337,-1.08982371705215,1.07887930635794,-0.406935746203226,"1","0","0","1","0","1","0","1","0","0","1","0","0","1","0","0","1","1","0","1","0","0","0","1","0","0","1","0"
"Brasenia_schreberi",-2.07002038875389,-0.644725133146684,-4.33276263142515,0.668034200500222,0,-0.630079297517436,"1","0","0","1","0","1","1","0","1","0","0","1","0","0","0","0","1","1","0","0","1","0","0","1","0","0","1","1"
"Bretschneidera_sinensis",0.520246776691936,-1.84242832445902,-4.04508055897337,-0.684358608943988,1.07887930635794,-0.0704635095820134,"0","1","0","1","0","1","1","0","1","1","0","0","0","1","0","1","0","1","0","1","0","0","0","0","0","1","1","0"
"Bruguiera_gymnorhiza",1.07986256462736,-0.830827412780545,-3.53425493520738,-0.684358608943988,1.07887930635794,-0.144571481735735,"0","1","0","1","0","1","1","0","1","0","0","0","0","1","1","0","0","1","0","1","0","0","0","1","0","0","1","1"
"Buddleja_davidii",-0.866047584427954,-2.53557550501897,-3.35652605707749,-0.80261524874779,1.07132715121343,-1.75400939416984,"0","1","0","1","0","1","1","0","0","1","0","0","0","1","1","0","0","1","0","1","0","0","0","1","0","0","1","0"
"Bursera_simaruba",-0.110154199572921,-1.61928477314482,-4.04508055897337,-0.725843598287303,1.04867068577992,-1.83405210184337,"0","1","0","1","1","0","1","0","0","1","0","0","0","1","0","0","1","1","1","1","0","0","0","1","0","0","0","1"
"Butomus_umbellatus",-2.69862904817626,-1.72464528880264,-0.826204734105167,0.00878857161595773,0.896548703583447,-0.512296261861053,"1","0","0","1","0","1","1","0","0","1","0","0","0","1","1","1","1","1","0","1","0","0","0","1","0","0","1","0"
"Buxus_balearica",-0.683726027634,-2.53557550501897,-3.35193337841342,-0.684358608943988,0.71206034219624,-1.83405210184337,"0","1","0","1","0","1","1","0","0","1","0","1","0","1","0","1","1","0","1","1","1","0","0","1","0","0","1","1"
"Byrsonima_crassifolia",0.0502431474462006,-1.61928477314482,-4.73822773953331,-0.684358608943988,1.07887930635794,-1.14090492128343,"0","1","0","1","0","1","1","0","0","0","1","0","0","1","0","0","1","1","0","0","0","1","0","0","0","1","1","0"
"Cabomba_caroliniana",-0.172900403868009,-2.13011039691081,-3.6396154508652,-0.684358608943988,0,-0.406935746203226,"1","0","0","1","0","1","1","0","0","1","0","0","0","1","0","0","1","1","0","1","0","0","1","1","0","0","1","0"
"Calceolaria_purpurea",-1.54026338401919,-3.22872268557892,-3.48373685361305,-0.880039346487017,0.917047410404247,-1.08420957760688,"1","0","0","1","0","1","1","0","0","1","0","0","0","1","0","0","1","1","0","0","0","1","0","0","0","1","1","0"
"Camellia_sinensis",-0.866047584427954,0.683300319849231,-3.35193337841342,-0.684358608943988,1.07887930635794,-0.311625566398901,"0","1","0","1","0","1","1","0","0","1","0","0","0","1","0","0","1","1","0","1","0","0","0","1","0","0","1","0"
"Canacomyrica_monticola",-0.529575347806742,-2.13011039691081,-4.73822773953331,-1.7829708976121,0.658116376878343,-1.71393275468246,"0","1","0","1","1","0","1","0","0","1","0","1","0","0","0","0","1","0","1","0","1","0","0","1","0","0","0","1"
"Canna_indica",-1.5591947649879,-4.61501704669881,-2.09468812709793,-0.684358608943988,1.07887930635794,0.468532991150674,"1","0","0","1","0","1","1","0","0","0","1","0","0","1","0","1","0","1","0","1","0","0","0","0","1","0","1","0"
"Cannabis_sativa",-2.11167043994323,-2.31243195370476,-5.43137492009326,-1.08982371705215,1.07887930635794,-2.01637365863733,"1","0","0","1","1","1","0","1","0","1","0","1","0","0","0","0","1","0","1","0","1","0","0","1","0","0","1","1"
"Capparis_zeylanica",-0.139539398690468,-0.297528933162496,-1.91738519902244,-0.587909360364285,1.00335775491288,0.873998099258838,"0","1","0","1","0","1","1","0","0","1","0","0","0","1","0","0","1","1","0","1","0","0","1","1","0","0","1","0"
"Cardiocrinum_cordatum",-2.17538090441172,-2.13011039691081,1.00637672964314,-0.684358608943988,0.9105741345661,1.38482372302483,"1","0","0","1","0","1","1","0","1","0","0","0","0","1","1","0","0","1","0","1","0","0","0","1","0","0","1","1"
"Carex_laxiflora",-2.88850990356267,-2.60817878383496,-4.73822773953331,-0.936888039720204,0.810238359074812,-1.61498289913948,"1","0","0","1","0","1","1","0","0","0","1","1","0","0","0","0","1","0","1","0","1","0","0","1","0","0","0","1"
"Carica_papaya",-0.683726027634,-1.61928477314482,-2.50971362986832,-0.173532985177997,1.07887930635794,0.0630678830425091,"0","1","0","1","1","0","1","0","0","1","1","0","1","1","0","0","1","0","1","1","1","0","1","1","0","0","1","0"
"Caryocar_brasiliense",-0.745691181393947,1.78191260851734,-1.78444818750827,-0.530207929116729,0.832894824508329,0.468532991150674,"0","1","0","1","0","1","1","0","0","1","0","0","0","1","0","0","1","1","0","1","0","0","0","1","0","0","1","0"
"Catalpa_speciosa",0.9257118848001,-3.22872268557892,-2.18946884225605,-1.08982371705215,1.07887930635794,0.381521614161044,"0","1","0","1","0","1","1","0","0","1","0","0","0","1","1","0","0","1","0","1","0","0","0","0","0","1","1","0"
"Catharanthus_roseus",-2.60901688948658,-2.31243195370476,-2.31273891027253,-1.08982371705215,0.906258617340668,0.178626223676781,"0","1","0","1","0","1","1","0","1","0","0","0","0","1","0","1","1","1","0","1","0","0","0","1","0","0","1","0"
"Caulophyllum_thalictroides",-3.07332249761768,-2.13011039691081,-3.92729752331698,-1.7829708976121,0.830737065895613,-1.42858699373521,"1","0","0","1","0","1","1","0","1","0","0","0","0","1","0","0","1","1","0","1","0","0","0","1","0","0","1","0"
"Centroplacus_glaucinus",0.520246776691936,-2.31243195370476,-4.04508055897337,-0.684358608943988,1.07887930635794,-2.93266439051148,"0","1","0","1","1","0","1","0","0","1","0","0","0","1","0","0","1","0","1","1","0","0","0","1","0","0","1","0"
"Ceratophyllum_demersum",-1.37687320819395,-3.92186986613886,-4.73822773953331,-1.7829708976121,0.621434480462173,-3.40266801975722,"1","0","0","1","0","1","1","0","1","0","0","1","0","0","0","0","1","0","1","0","1","0","1","1","0","0","0","1"
"Cercidiphyllum_japonicum",0.9257118848001,-0.571965778864256,-1.71780285338895,-1.7829708976121,0,-0.522565674522743,"0","1","0","1","1","0","1","0","0","1","0","0","0","1","0","0","1","0","1","1","0","0","1","0","0","1","1","0"
"Chimaphila_umbellata",-3.76646967817762,-1.61928477314482,-2.29327753009342,-0.173532985177997,1.07887930635794,-0.986754241456169,"0","1","0","1","0","1","1","0","0","1","0","0","0","1","0","1","0","1","0","1","0","0","1","1","0","0","1","0"
"Chimonanthus_praecox",-0.396043955182219,-1.97595971708355,-4.04508055897337,0.414253679724122,0,-0.311625566398901,"0","1","0","1","0","1","1","0","1","1","0","0","0","1","0","1","0","1","0","1","0","0","1","1","0","0","1","0"
"Chloranthus_spicatus",-2.98631112062805,-3.07457200575166,-4.73822773953331,-1.7829708976121,0.887917669132583,-1.51840425751704,"0","1","0","1","0","1","1","0","0","1","0","0","0","1","0","0","1","1","0","0","0","1","0","1","0","0","1","0"
"Chorispora_tenella",-3.66292899923678,-2.13011039691081,-1.99095682527782,-1.08982371705215,1.07887930635794,0.77479144917539,"1","0","0","1","0","1","0","1","0","0","1","0","0","1","1","0","0","1","0","1","0","0","0","1","0","0","1","0"
"Cinnamomum_camphora",0.63802981234832,-1.72464528880264,-4.73822773953331,-1.7829708976121,0.863103445086351,-2.52719928240332,"0","1","0","1","0","1","1","0","0","1","0","0","0","1","0","0","1","1","0","1","0","0","0","1","0","0","1","1"
"Clarkia_xantiana",-3.27399319307983,-1.84242832445902,1.47638035888888,-0.396676536492206,1.07887930635794,-0.0704635095820134,"1","0","0","1","0","1","0","1","1","0","0","0","0","1","0","1","0","1","0","1","0","0","1","0","0","1","1","0"
"Claytonia_virginica",-3.96714037363977,-2.31243195370476,-4.04508055897337,-0.684358608943988,1.07887930635794,-1.48574540757516,"1","0","0","1","0","1","1","0","0","1","0","0","0","1","0","1","1","1","0","1","0","0","0","1","0","0","1","0"
"Clethra_alnifolia",-1.78233831630211,-1.61928477314482,-1.04934828541938,-0.684358608943988,1.07887930635794,-1.921063478833,"0","1","0","1","0","1","1","0","0","1","0","0","0","1","1","0","0","1","0","1","0","0","0","1","0","0","1","0"
"Clutia_pulchella",-2.64983888400683,-2.31243195370476,-4.73822773953331,-0.684358608943988,1.07887930635794,-1.99321294249287,"0","1","0","1","1","0","1","0","0","1","0","0","0","1","0","0","1","0","1","1","0","0","0","1","0","0","1","0"
"Cobaea_scandens",0.743390328006146,-2.31243195370476,-1.67137708515353,-0.684358608943988,1.07887930635794,0.425973376731878,"0","1","1","0","0","1","1","0","0","1","0","0","0","1","1","0","0","1","0","1","0","0","0","1","0","0","1","0"
"Cochlospermum_vitifolium",0.00942115292594548,1.24291610778465,0.0492640032487326,-0.173532985177997,1.07887930635794,1.07466879472099,"0","1","0","1","0","1","1","0","0","1","0","0","0","1","1","0","0","1","0","0","0","0","1","1","0","0","1","0"
"Coffea_arabica",-0.866047584427954,-2.31243195370476,-2.57554042601896,-0.746531281250706,0.981780168785723,-0.224614189409272,"0","1","0","1","0","1","1","0","1","0","0","0","0","1","0","0","1","1","0","1","0","0","1","1","0","0","1","0"
"Combretum_leprosum",-1.09418641015787,-1.84242832445902,-3.35193337841342,-1.08982371705215,1.02709309965276,-1.37451977246493,"0","1","1","1","0","1","1","0","0","1","0","0","0","1","0","0","1","1","0","1","0","1","0","1","0","0","1","0"
"Commelina_communis",-3.02684502985879,-2.82325757747075,-2.56979707867551,-0.873565350641583,1.01414654797646,-1.10008292676317,"1","0","0","1","0","1","0","1","0","1","0","0","0","1","1","0","0","1","1","1","0","0","0","0","0","1","1","0"
"Cordyline_australis",0.00942115292594548,-2.13011039691081,-3.62746756215206,-0.684358608943988,1.07887930635794,-1.921063478833,"0","1","0","1","0","1","1","0","0","1","0","0","0","1","0","0","1","1","0","1","0","0","0","1","0","0","1","0"
"Coriaria_myrtifolia",-1.37687320819395,-1.61928477314482,-4.73822773953331,-0.173532985177997,0.696956031907229,-1.67990142201611,"0","1","0","1","0","1","1","0","0","1","0","1","0","0","0","0","1","1","1","0","1","0","0","1","0","0","0","1"
"Coriaria_ruscifolia",-0.882478908586405,-1.61928477314482,-4.73822773953331,0.231932122930168,0.693719393988155,-2.70952083919727,"0","1","0","1","0","1","1","0","0","1","0","1","0","0","1","0","0","1","0","0","1","0","0","1","0","0","1","1"
"Cornus_florida",-0.501593133086701,-2.53557550501897,-3.54064650061529,-0.767192472309271,1.07887930635794,-0.917761369969217,"0","1","0","1","0","1","1","0","0","1","0","0","0","1","0","0","1","1","0","1","0","0","0","1","0","0","1","1"
"Corokia_cotoneaster",-0.959099191482572,-2.31243195370476,-4.73822773953331,-1.08982371705215,0.990680923063176,-1.75400939416984,"0","1","0","1","0","1","1","0","0","1","0","0","0","1","0","0","1","1","0","1","0","1","0","1","0","0","1","0"
"Corrigiola_litoralis",-4.37260548174794,-2.31243195370476,-3.04599877694508,-0.684358608943988,0.53943965317897,-2.93266439051148,"1","0","0","1","0","1","0","1","0","0","1","0","0","1","1","1","0","1","0","1","0","0","0","1","0","0","1","0"
"Costus_woodsonii",0.00942115292594548,-3.92186986613886,-2.54100316219709,-0.684358608943988,0.927836203467827,-0.879183189857529,"1","0","0","1","0","1","1","0","0","1","0","0","0","1","0","0","1","1","0","1","0","0","1","1","0","0","1","0"
"Cucurbita_pepo",-2.29493195010573,-3.00557913426471,-3.12939278874282,-0.396676536492206,1.07887930635794,-1.32322647807738,"1","0","1","0","0","1","0","1","0","1","0","0","0","1","1","0","0","0","1","1","0","0","0","1","0","0","1","0"
"Cupaniopsis_anacardioides",-1.08919113574216,-1.84242832445902,-4.73822773953331,-0.684358608943988,1.07887930635794,-1.54637002939159,"0","1","0","1","0","1","1","0","0","1","0","0","0","1","0","0","1","0","1","1","0","0","1","0","1","0","1","1"
"Curculigo_latifolia",-1.62645277344192,-2.13011039691081,-1.97824647527601,-0.595460535258147,0.991490082542945,-1.06086221360989,"1","1","0","1","0","1","1","0","0","1","0","0","0","1","0","0","1","1","1","1","0","0","1","1","0","0","1","0"
"Cuscuta_cuspidata",-2.99342337769944,-2.31243195370476,-4.04508055897337,-1.08982371705215,1.07887930635794,-3.066195783136,"1","0","1","0","0","1","0","1","1","0","0","1","0","0","1","0","0","1","0","0","1","0","0","1","0","0","1","0"
"Cuttsia_viburnea",-1.54212668207058,-2.31243195370476,1.47737985922196,-0.173532985177997,1.00119999630017,-1.32322647807738,"0","1","0","1","0","1","1","0","0","1","0","0","0","1","0","0","1","1","0","1","0","0","1","1","0","0","1","0"
"Cyclanthus_bipartitus",-1.78233831630211,-2.13011039691081,-4.05608529229643,-0.917095084119441,0.929993962080543,-1.59075056329968,"0","1","0","1","0","1","1","0","0","1","0","0","0","1","0","0","1","0","1","0","0","0","1","1","0","0","1","0"
"Cymodocea_nodosa",-2.58292261592673,-3.22872268557892,-4.73822773953331,-1.08982371705215,0,-1.81451038493755,"1","0","0","1","1","1","1","0","0","1","0","1","0","0","1","0","0","0","1","0","1","0","0","1","0","0","0","1"
"Cypripedium_calceolus",-3.27399319307983,-3.22872268557892,-2.38943017066163,-0.684358608943988,1.07887930635794,0.724466365287874,"1","0","0","1","0","1","1","0","0","1","0","0","0","1","1","0","0","1","0","0","0","0","1","0","0","1","1","1"
"Cyrilla_racemiflora",-0.172900403868009,-2.31243195370476,-4.04508055897337,-1.08982371705215,1.07887930635794,-2.01637365863733,"0","1","0","1","0","1","1","0","0","1","0","0","0","1","1","0","0","1","0","1","0","0","0","1","0","0","1","0"
"Dalechampia_spathulata",-1.54738754570643,-0.92613759258487,-3.25828098866488,-0.684358608943988,0.853393531329129,-1.08838244950502,"0","1","0","1","0","1","1","0","0","1","0","0","0","1","0","1","0","0","1","0","0","1","0","0","0","1","1","0"
"Dalzellia_ceylanica",-7.08065568285015,-2.82325757747075,-3.37973647577612,-0.684358608943988,1.07887930635794,-2.93266439051148,"1","0","0","1","0","1","1","0","0","0","1","0","1","0","1","0","0","1","0","0","0","0","1","1","0","0","1","1"
"Daphniphyllum_macropodum",0.520246776691936,-1.72464528880264,-4.04508055897337,-1.08982371705215,1.07887930635794,-1.84937655392327,"0","1","0","1","1","0","1","0","0","1","0","1","0","0","0","0","1","0","1","0","1","0","0","1","0","0","0","1"
"Datisca_glomerata",-2.07002038875389,-1.8741770227736,-4.14254193259114,-0.938753714352859,0.795134048785801,-1.75400939416984,"1","0","0","1","1","0","1","0","1","0","0","1","0","0","0","0","1","1","1","0","1","0","0","1","0","0","0","1"
"Davidsonia_jerseyana",-1.37830196276198,-1.72464528880264,-2.94646827030526,-1.08982371705215,1.00335775491288,-2.01637365863733,"0","1","0","1","0","1","1","0","0","0","1","0","0","1","0","0","1","1","0","1","0","0","0","1","0","0","1","0"
"Davilla_kunthii",-2.06727088692563,0.326625375910498,-4.04508055897337,-1.7829708976121,0.744426721386978,-0.735439813175262,"1","0","1","0","0","1","1","0","0","1","0","0","0","1","0","0","1","1","0","0","0","0","1","1","0","0","1","0"
"Denhamia_celastroides",-0.529575347806742,-2.31243195370476,-3.35193337841342,-0.684358608943988,1.07887930635794,-0.406935746203226,"0","1","0","1","0","1","1","0","0","1","0","0","0","1","0","0","1","1","0","1","0","0","1","1","0","0","1","0"
"Diapensia_lapponica",-6.3875085022902,-2.31243195370476,-0.356201104859432,-0.684358608943988,1.07887930635794,-1.22791629827306,"0","1","0","1","0","1","1","0","1","0","0","0","0","1","0","1","0","1","0","1","0","0","0","1","0","0","1","0"
"Diospyros_australis",-1.01668442036588,-1.2828125365236,-4.33276263142515,-0.627997674020551,0.958044824045849,-3.15580794182569,"0","1","0","1","1","0","1","0","0","1","0","0","0","1","0","0","1","0","1","1","0","0","1","1","0","0","1","0"
"Dipterocarpus_tempehes",-1.13635527019388,-0.520672484476705,-2.82426380352208,-0.503044881978518,0.856630169248203,0.363172475492847,"0","1","0","1","0","1","1","0","0","1","0","0","0","1","0","0","1","1","0","1","0","0","1","1","0","0","1","0"
"Discaria_americana",-1.47922362664942,-2.41779246936259,-4.73822773953331,-0.530207929116729,0.979622410173008,-1.83405210184337,"0","1","0","1","0","1","1","0","0","1","0","0","0","1","0","0","1","1","0","1","0","1","1","1","0","0","1","0"
"Drosophyllum_lusitanicum",-2.58084601251988,-1.61928477314482,-1.68895469905129,-0.173532985177997,1.07887930635794,-0.329974705067098,"0","1","0","1","0","1","1","0","1","0","0","0","0","1","0","1","0","1","0","1","0","0","1","1","0","0","1","0"
"Dryas_octopetala",-3.168632677422,1.17799656168534,-4.73822773953331,0.284873318221907,0,-0.224614189409272,"0","1","0","1","0","1","1","0","1","0","0","0","0","1","1","0","0","1","0","1","0","0","1","1","0","0","1","0"
"Durio_zibethinus",0.743390328006146,0.17247469608324,-2.94646827030526,-0.173532985177997,1.07887930635794,0.381521614161044,"0","1","0","1","0","1","1","0","0","1","0","0","0","1","0","0","1","1","0","1","0","0","0","1","0","0","1","0"
"Eichhornia_crassipes",-3.22071028021133,-2.13011039691081,-2.33651292218639,-0.684358608943988,1.07887930635794,0.468532991150674,"1","0","0","1","0","1","1","1","0","1","0","0","0","1","0","1","0","1","0","1","0","0","0","0","0","1","1","0"
"Eriocaulon_parkeri",-2.63365773926062,-2.53557550501897,-4.15006753033394,-0.865388579159094,1.03464525479726,-2.93266439051148,"1","0","0","1","0","1","1","1","0","1","0","0","0","1","0","0","1","0","1","1","0","0","0","1","0","0","1","0"
"Eriogonum_arborescens",-1.78233831630211,-1.72464528880264,-4.73822773953331,-0.684358608943988,1.06809051329436,-2.61421065939295,"0","1","0","1","0","1","1","0","1","0","0","0","0","1","1","0","0","1","0","1","0","0","0","1","0","0","1","0"
"Erythroxylum_laurifolium",-0.971408100085781,-1.61928477314482,-3.92077703853028,-0.457224330017914,1.05945947884349,-1.48830999501128,"0","1","0","1","0","1","1","0","0","1","0","0","0","1","0","0","1","1","0","1","0","1","0","1","0","0","1","0"
"Eschscholzia_californica",-3.59941559351445,-0.95145540056916,-2.52748239123223,-1.08982371705215,1.07887930635794,0.0630678830425091,"1","0","0","1","0","1","1","1","0","1","0","0","0","1","0","1","0","1","0","0","0","0","1","0","1","0","1","0"
"Eupomatia_bennettii",-2.07002038875389,-1.78180370264259,-3.52939171241327,-0.286259892828066,1.07887930635794,-0.0704635095820134,"0","1","0","1","0","1","1","0","0","1","0","0","0","1","0","0","1","1","0","0","0","1","0","1","0","0","1","0"
"Eupomatia_laurina",-0.529575347806742,0.17247469608324,-3.6396154508652,1.93060116909221,1.07887930635794,-0.342397225065654,"0","1","0","1","0","1","1","0","0","1","0","0","0","1","0","0","1","1","0","0","0","1","0","1","0","0","1","0"
"Fagus_grandifolia",0.743390328006146,-1.52397459334049,-4.04508055897337,-0.684358608943988,0.822106031444749,-2.00073253341288,"0","1","0","1","0","1","1","0","0","1","0","1","0","0","0","0","1","0","1","0","1","0","1","1","0","0","0","1"
"Ficaria_verna",-4.01260274771653,-0.70299404127066,-4.73822773953331,0.925079303490113,0.448813791444903,-0.163989567592837,"1","0","0","1","0","1","1","0","0","1","0","0","0","1","0","0","1","1","0","1","0","0","1","1","0","0","1","0"
"Filipendula_vulgaris",-2.74992234256382,-0.70299404127066,-4.04508055897337,0.414253679724122,0,-1.14090492128343,"1","0","0","1","0","1","1","0","0","1","0","1","0","1","0","0","1","1","0","0","1","0","1","1","0","0","1","0"
"Floerkea_proserpinacoides",-4.21845480192068,-2.13011039691081,-4.73822773953331,-0.866680165737942,1.04003965132905,-0.311625566398901,"1","0","0","1","0","1","0","1","0","0","1","0","1","0","0","1","0","1","0","1","0","0","0","1","0","0","1","1"
"Fumana_ericoides",-1.61607415791464,-0.554574036152387,-2.4109500339489,-1.08982371705215,0.886838789826225,-0.763610690141959,"0","1","0","1","0","1","1","0","0","0","1","0","0","1","0","0","1","1","0","1","0","0","1","1","0","0","1","0"
"Galium_aparine",-2.5426942465555,-2.53557550501897,-4.73822773953331,-1.08982371705215,1.07887930635794,-0.763610690141959,"1","0","0","1","0","1","0","1","0","0","1","0","0","1","0","0","1","1","0","1","0","0","0","1","0","0","1","0"
"Gelsemium_sempervirens",-2.70833587307669,-2.31243195370476,-3.35193337841342,-1.08982371705215,1.07887930635794,-0.311625566398901,"1","0","1","0","0","1","1","0","0","1","0","0","0","1","0","0","1","1","0","0","0","1","0","1","0","0","1","0"
"Gentiana_saponaria",-3.20945467194226,-2.31243195370476,-3.31480895550052,-1.08982371705215,1.07887930635794,-0.00147063809506205,"1","0","0","1","0","1","1","0","0","1","0","0","0","1","1","0","0","1","0","1","0","0","0","1","0","0","1","0"
"Geranium_sanguineum",-3.67945830118799,-1.61928477314482,-4.04508055897337,-0.173532985177997,1.07887930635794,-0.191824366586281,"1","0","0","1","0","1","1","0","1","0","0","0","0","1","0","1","0","1","0","1","0","0","0","1","0","0","1","0"
"Gomortega_keule",0.520246776691936,-1.84242832445902,-4.73822773953331,-1.08982371705215,1.07887930635794,-1.83405210184337,"0","1","0","1","0","1","1","0","1","0","0","0","0","1","0","0","1","1","0","1","0","0","0","1","0","0","1","1"
"Gonocaryum_litorale",-0.766745379642551,-2.31243195370476,-4.04508055897337,-1.08982371705215,1.07887930635794,-1.921063478833,"0","1","0","1","1","0","1","0","0","1","0","0","0","1","0","0","1","0","1","1","0","0","0","1","0","0","1","1"
"Gossypium_hirsutum",-2.07002038875389,0.460156768535021,-2.43564264653927,-0.530207929116729,1.07887930635794,0.622683670977932,"0","1","0","1","0","1","1","1","1","0","1","0","0","1","1","0","0","1","0","1","0","0","0","1","0","0","1","0"
"Grewia_occidentalis",-1.37687320819395,0.415420874693629,-4.73822773953331,-0.396676536492206,1.07887930635794,-0.224614189409272,"0","1","0","1","0","1","1","0","0","1","0","0","0","1","0","0","1","1","0","1","0","0","0","1","0","0","1","0"
"Griselinia_racemosa",-1.78233831630211,-2.31243195370476,-4.39037534296381,-0.684358608943988,1.07887930635794,-1.84944888566525,"0","1","0","1","1","0","1","0","0","1","0","0","0","1","0","0","1","0","1","1","0","0","0","1","0","0","1","1"
"Gyrocarpus_americanus",0.743390328006146,-2.53557550501897,-4.73822773953331,-1.7829708976121,0.802686203930306,-3.22034646296326,"0","1","0","1","0","1","1","0","0","1","0","1","0","0","1","0","0","1","1","0","1","0","0","1","0","0","1","1"
"Hamamelis_virginiana",-0.866047584427954,-2.53557550501897,-4.73822773953331,-1.08982371705215,1.07887930635794,-0.630079297517436,"0","1","0","1","0","1","1","0","0","1","0","0","0","1","0","1","0","1","0","1","0","0","1","1","0","0","1","0"
"Hanguana_malayana",-2.27322607736653,-2.13011039691081,-4.73822773953331,-0.684358608943988,1.07887930635794,-1.84612539646329,"1","0","0","1","1","0","1","0","0","1","0","0","0","1","0","0","1","0","1","1","0","0","0","1","0","0","1","0"
"Hedychium_gardnerianum",-2.93037060896569,-3.92186986613886,-2.82879036233215,-0.684358608943988,1.02925085826547,0.756215063602454,"1","0","0","1","0","1","1","0","0","0","1","0","0","1","1","0","0","1","0","1","0","0","0","0","0","1","1","0"
"Helianthus_annuus",-1.78233831630211,-2.31243195370476,-4.73822773953331,-1.08982371705215,1.07887930635794,-0.534769117713111,"1","0","0","1","0","1","0","1","1","1","0","0","0","1","0","1","0","1","0","1","0","0","1","1","0","1","1","0"
"Heliconia_irrasa",-2.07002038875389,-2.31243195370476,-4.21657847798349,-0.809721123761333,1.06809051329436,-0.827550546266816,"1","0","0","1","0","1","1","0","0","1","0","0","0","1","1","0","0","1","0","1","0","0","0","1","0","0","1","0"
"Herniaria_glabra",-4.08492340929616,-2.31243195370476,-3.91065429461769,-0.931263401953275,1.06053835814985,-3.22034646296326,"1","0","0","1","0","1","1","1","1","0","0","0","0","1","0","1","0","1","0","1","0","0","0","1","0","0","1","0"
"Hevea_brasiliensis",0.520246776691936,-1.61928477314482,-4.73822773953331,-0.684358608943988,1.07887930635794,-2.01138611712629,"0","1","0","1","0","1","1","0","1","1","0","0","0","1","0","0","1","0","1","1","0","0","0","1","0","0","1","1"
"Hirtella_physophora",-0.43114909938349,-2.13011039691081,-3.62108559957099,-0.906573999606901,1.05730172023078,-0.630079297517436,"0","1","0","1","0","1","1","0","0","1","0","0","0","1","0","0","1","1","0","1","0","0","1","0","0","1","1","0"
"Hordeum_bulbosum",-2.52677879124961,-2.82325757747075,-4.73822773953331,-1.08982371705215,0.750899997225126,-0.763610690141959,"1","0","0","1","0","1","1","0","0","1","0","1","0","0","0","0","1","1","0","0","1","0","0","1","0","0","0","1"
"Hydnocarpus_heterophylla",-0.546450722607861,-0.663773328117379,-4.22883889532492,-0.396676536492206,1.07887930635794,-0.853222848831646,"0","1","0","1","1","0","1","0","0","1","0","0","0","1","0","0","1","0","1","1","0","0","0","1","0","0","1","0"
"Hydrastis_canadensis",-3.59941559351445,0.0624738008689115,-4.04508055897337,0.591934856961575,0,-1.06086221360989,"1","0","0","1","0","1","1","0","1","0","0","0","0","1","0","0","1","1","0","1","0","0","1","1","0","0","1","0"
"Hydrocotyle_vulgaris",-4.55492703854189,-2.31243195370476,-3.51092847046042,-1.08982371705215,1.07887930635794,-3.22034646296326,"1","0","0","1","0","1","1","0","0","0","1","0","1","1","1","0","0","1","0","1","0","0","0","1","0","0","1","0"
"Hydrophyllum_capitatum",-3.76646967817762,-2.31243195370476,-2.88071703351916,-0.596054692523876,1.0130676686701,-1.67990142201611,"1","0","0","1","0","1","1","0","0","1","0","0","0","1","0","0","1","1","0","1","0","0","1","1","0","0","1","0"
"Hypericum_perforatum",-2.98631112062805,-0.00984686071071469,-1.33703035787116,-0.684358608943988,1.07887930635794,-0.694617818655007,"1","0","0","1","0","1","1","0","0","0","1","0","0","1","1","0","0","1","0","0","0","0","1","1","0","0","1","0"
"Ilex_opaca",0.0502431474462006,-2.53557550501897,-3.83785110319219,-0.396676536492206,1.07887930635794,-1.61090855052916,"0","1","0","1","1","0","1","0","0","1","0","0","0","1","0","0","1","0","1","1","0","0","0","1","0","0","1","1"
"Impatiens_capensis",-2.79899496838636,-2.31243195370476,-4.73822773953331,-0.173532985177997,1.07887930635794,-0.129304009604947,"1","0","0","1","0","1","0","1","1","0","0","0","0","1","0","1","0","1","0","1","0","0","0","0","0","1","1","0"
"Ipomoea_alba",-0.172900403868009,-2.31243195370476,-3.12878982709921,-1.08982371705215,0.969912496415786,0.873998099258838,"0","1","1","0","0","1","1","1","0","0","1","0","0","1","0","0","1","1","0","1","0","0","0","1","0","0","1","0"
"Iris_versicolor",-3.25730188279446,-2.82325757747075,-2.38057755794726,-0.536711726065362,0.983937927398439,1.18229945891335,"1","0","0","1","0","1","1","0","1","0","0","0","1","1","1","0","0","1","0","1","0","0","0","1","0","0","1","0"
"Irvingbaileya_australis",-0.517980662862994,-2.31243195370476,-4.73822773953331,-1.08982371705215,1.07887930635794,-2.21482459736117,"0","1","0","1","1","0","1","0","0","1","0","0","0","1","0","0","1","0","1","1","0","0","0","1","0","0","1","0"
"Juglans_mandshurica",0.232564704240155,-0.663773328117379,-4.73822773953331,-1.08982371705215,0.46607586034663,-1.38300311957005,"0","1","0","1","0","1","1","0","0","1","0","1","0","0","0","0","1","0","1","0","1","0","0","1","0","0","0","1"
"Juncus_effusus",-2.60048198703674,-2.82325757747075,-3.62449184693307,-0.684358608943988,0.599856894335015,-1.63465609990298,"1","0","0","1","0","1","0","1","1","0","1","1","0","0","0","0","1","1","0","0","1","0","0","1","0","0","0","1"
"Kalanchoe_daigremontiana",-2.07002038875389,-1.84242832445902,0.129306710922269,-0.396676536492206,0.215775861271588,-0.224614189409272,"1","0","0","1","0","1","1","1","0","0","1","0","0","1","1","0","0","1","0","1","0","0","0","1","0","0","1","0"
"Kalmia_latifolia",-0.866047584427954,-1.61928477314482,-3.1033222313937,-0.419896798256625,1.07887930635794,-0.293607060896223,"0","1","0","1","0","1","1","0","0","1","0","0","0","1","0","0","1","1","0","1","0","0","0","1","0","0","1","0"
"Kirengeshoma_palmata",-2.93083726635074,-1.21381966503665,-2.38719480719416,-0.444330589376202,0.838289221040118,0.0144027110612282,"1","0","0","1","0","1","1","0","0","1","0","0","0","1","1","0","0","1","0","1","0","0","0","1","0","0","1","0"
"Kirkia_wilmsii",-0.323884357270082,-2.41779246936259,-4.08791869854605,-0.278893500835823,1.07887930635794,-1.32322647807738,"0","1","0","1","1","0","1","0","0","1","0","0","0","1","0","0","1","0","1","1","0","0","0","1","0","0","1","0"
"Lactoris_fernandeziana",-2.07002038875389,-2.13011039691081,-2.94646827030526,-0.684358608943988,0,-2.23951720995154,"0","1","0","1","0","1","1","0","1","0","0","1","0","0","0","0","1","1","1","0","1","0","0","1","0","0","0","1"
"Lantana_camara",-1.04106149032202,-2.53557550501897,-3.07170681058156,-1.37750578950393,0.871734479537214,-1.75400939416984,"0","1","0","1","0","1","1","0","0","0","1","0","0","1","0","0","1","1","0","1","0","0","1","0","0","1","1","0"
"Lapageria_rosea",-0.396043955182219,-2.13011039691081,0.144574183053057,-0.684358608943988,1.07887930635794,0.691676542464883,"0","1","1","0","0","1","1","0","0","1","0","0","0","1","0","0","1","1","0","1","0","0","0","1","0","0","1","0"
"Larrea_tridentata",-2.00548186761632,-1.61928477314482,-3.19914340912929,-0.173532985177997,0.934309479305974,-0.406935746203226,"0","1","0","1","0","1","1","0","1","0","0","0","0","1","0","0","1","1","0","1","0","0","1","1","0","0","1","0"
"Lemna_minor",-5.28889621362209,-3.22872268557892,-4.73822773953331,-1.7829708976121,0.828579307282897,-3.84895512238564,"1","0","0","1","0","1","0","1","0","0","1","0","0","1","1","0","0","1","0","1","0","0","0","1","0","0","0","1"
"Lepidobotrys_staudtii",-0.408642877577285,-1.61928477314482,-4.04508055897337,-0.684358608943988,1.02493534104004,-1.78526193767394,"0","1","0","1","1","0","1","0","0","1","0","0","0","1","0","0","1","0","1","1","0","0","0","1","0","0","1","0"
"Limnanthes_douglasii",-3.13907387518046,-1.61928477314482,-2.83543647232895,-0.173532985177997,0.915968531097889,-0.293607060896223,"1","0","0","1","1","0","0","1","0","1","0","0","0","1","0","0","1","1","0","1","0","0","1","1","0","0","1","0"
"Linum_perenne",-2.98631112062805,-2.31243195370476,-4.04508055897337,-0.173532985177997,1.07887930635794,-0.0704635095820134,"1","0","0","1","0","1","1","0","0","1","0","0","0","1","1","0","0","1","0","1","0","0","0","1","0","0","1","0"
"Liriodendron_chinense",1.21339395725188,0.17247469608324,-4.04508055897337,-0.325607190922133,0,-0.0704635095820134,"0","1","0","1","0","1","1","0","1","0","0","0","0","1","0","0","1","1","0","1","0","0","0","1","0","0","0","1"
"Loasa_heterophylla",-2.95706432902366,-2.05006768923727,-2.37487192319776,-0.509029757029541,0.90517973803431,-0.490317355142277,"1","0","0","1","0","1","1","0","0","1","0","0","0","1","1","0","0","1","0","1","0","0","0","1","0","0","1","0"
"Lobelia_angulata",-4.03613324512672,-2.31243195370476,-3.33493773609218,-1.08982371705215,1.03032973757183,-1.02312188562704,"1","0","0","1","1","0","1","0","0","1","0","0","0","1","1","0","0","1","1","1","0","0","0","0","0","1","1","0"
"Ludwigia_adscendens",-4.37260548174794,-1.61928477314482,-2.72332471899105,-0.173532985177997,0.985016806704797,-0.224614189409272,"1","0","0","1","0","1","1","0","0","1","0","0","0","1","1","0","0","1","0","1","0","0","1","1","0","0","1","0"
"Lythrum_salicaria",-2.00548186761632,-1.43696321635086,-2.94847799679716,-1.08982371705215,1.07887930635794,-0.735439813175262,"1","0","0","1","0","1","1","0","0","1","0","0","0","1","1","0","0","1","0","1","0","0","1","1","0","0","1","0"
"Malesherbia_linearifolia",-2.47548549686205,-2.31243195370476,1.48534010026035,-0.684358608943988,1.07887930635794,-0.406935746203226,"1","0","0","1","0","1","1","0","0","1","0","0","0","1","0","0","1","1","0","1","0","0","0","1","0","0","1","0"
"Malpighia_emarginata",0.0931915467350489,-1.61928477314482,-4.73822773953331,-0.684358608943988,1.07887930635794,-0.512296261861053,"0","1","0","1","0","1","1","0","0","1","0","0","0","1","0","0","1","1","0","0","0","1","0","0","0","1","1","0"
"Manihot_esculenta",-0.866047584427954,-1.61928477314482,-4.73822773953331,-0.684358608943988,1.07887930635794,-2.93266439051148,"1","0","0","1","0","1","1","0","0","1","0","0","0","1","0","0","1","0","1","1","0","0","0","1","0","0","1","0"
"Manilkara_zapota",1.21339395725188,-2.21712177390044,-4.73822773953331,0.386082802757426,1.07887930635794,-0.735439813175262,"0","1","0","1","0","1","1","0","0","1","0","0","0","1","0","0","1","1","0","1","0","0","0","1","0","0","1","0"
"Marathrum_rubrum",-4.37260548174794,-1.84242832445902,2.10765213573074,-1.08982371705215,1.07887930635794,-1.35478318510902,"1","0","0","1","0","1","0","1","0","0","1","1","0","0","1","0","0","1","0","0","1","0","0","1","0","0","1","1"
"Mayaca_fluviatilis",-3.54647964399862,-2.82325757747075,-4.04508055897337,-0.684358608943988,1.07887930635794,-1.32322647807738,"1","0","0","1","0","1","1","0","0","0","1","0","1","0","0","0","1","1","0","1","0","0","0","1","0","0","1","0"
"Mazus_pumilus",-4.7780705898561,-2.53557550501897,-3.27561282097723,-1.08982371705215,1.07887930635794,-1.67990142201611,"1","0","0","1","0","1","0","1","0","0","1","0","0","1","1","0","0","1","0","0","0","0","1","0","0","1","1","0"
"Medicago_sativa",-2.90626841295451,-1.61928477314482,-2.0301775384311,-0.724660411247102,1.0465129271672,-0.763610690141959,"1","0","0","1","0","1","1","0","0","1","0","0","0","1","0","1","0","1","0","1","0","0","1","0","0","1","1","0"
"Melocactus_curvispinus",-2.76194636774369,1.11832423019894,1.15617509473154,0.0478998110586293,0.824263790057465,-0.447757740723482,"1","0","0","1","0","1","1","0","0","1","0","0","0","1","1","0","0","1","0","1","0","0","0","1","0","0","1","0"
"Menispermum_canadense",-1.55427787246933,-1.11850948523233,-4.04508055897337,-0.684358608943988,0.906528337167258,-2.8148813548551,"1","1","1","0","1","0","1","0","0","1","0","0","0","1","0","0","1","0","1","1","0","0","0","1","0","0","1","0"
"Menyanthes_trifoliata",-3.52530762136073,-2.31243195370476,-2.43564264653927,-1.08982371705215,1.07887930635794,-0.917761369969217,"1","0","0","1","0","1","1","0","0","1","0","0","0","1","1","0","0","1","0","1","0","0","0","1","0","0","1","0"
"Miconia_affinis",-0.888751921980283,-1.61928477314482,-3.25804656089776,-0.74115410024962,1.04435516855448,-2.01637365863733,"0","1","0","1","0","1","1","0","0","1","0","0","0","1","0","0","1","1","0","1","0","0","0","1","0","0","1","0"
"Mirabilis_jalapa",-2.47548549686205,-2.31243195370476,-4.73822773953331,-1.7829708976121,0.9310728413869,0.0630678830425091,"1","0","0","1","0","1","1","1","0","0","1","0","0","1","0","0","1","1","0","1","0","0","0","1","0","0","1","1"
"Misodendrum_linearifolium",-0.992998254900005,-2.82325757747075,-4.73822773953331,-0.684358608943988,1.07887930635794,-3.40266801975722,"0","1","0","1","1","0","1","0","0","1","0","0","0","1","0","0","1","0","1","1","0","0","1","1","0","0","1","0"
"Mollugo_verticillata",-3.9026018525022,-2.66910689764349,-2.43564264653927,-0.396676536492206,1.07887930635794,-2.93266439051148,"1","0","0","1","0","1","0","1","1","0","0","0","0","1","0","1","0","1","0","1","0","0","1","1","0","0","1","0"
"Monotropa_hypopitys",-4.16288495076587,-1.72464528880264,-2.23900701150773,-0.173532985177997,1.07887930635794,-1.54997919077744,"1","0","0","1","0","1","1","0","1","0","0","0","0","1","0","1","0","1","0","1","0","0","0","1","0","0","1","0"
"Montinia_caryophyllacea",-1.00325220895734,-2.53557550501897,-2.94646827030526,-1.08982371705215,1.07887930635794,-2.01637365863733,"0","1","0","1","1","0","1","0","0","1","0","0","0","1","0","0","1","0","1","1","0","0","1","1","0","0","1","0"
"Moringa_oleifera",0.00942115292594548,-2.31243195370476,-3.07010352543287,-0.684358608943988,1.07887930635794,-0.630079297517436,"0","1","0","1","0","1","1","0","1","0","0","0","0","1","0","1","0","1","0","1","0","0","1","0","0","1","1","0"
"Myriophyllum_sibiricum",-2.42603180857423,-1.84242832445902,-4.73822773953331,-0.396676536492206,0.993647841155661,-1.3488737143838,"1","0","0","1","0","1","1","0","0","1","0","0","0","1","0","0","1","1","1","1","0","0","1","1","0","0","1","0"
"Myristica_fragrans",-0.396043955182219,-1.67057806753237,-4.73822773953331,-1.7829708976121,0.897627582889805,-1.32322647807738,"0","1","0","1","1","1","1","0","0","1","0","0","0","1","0","0","1","0","1","0","0","0","1","1","0","0","1","0"
"Myrothamnus_moschata",-0.630171400876503,-2.53557550501897,-4.15595485357875,-0.530207929116729,0.970991375722145,-1.65629974766281,"0","1","0","1","1","0","1","0","0","1","0","0","0","1","0","0","1","0","1","1","0","0","1","1","0","0","1","0"
"Myrtus_communis",-1.08919113574216,1.05486387628171,-2.53425241149747,-0.0992278669983826,1.07887930635794,-0.406935746203226,"0","1","0","1","0","1","1","0","1","0","0","0","0","1","0","0","1","1","0","1","0","0","1","1","0","0","1","0"
"Narthecium_ossifragum",-2.09164968110449,-2.13011039691081,-3.60246615458908,0.16159014184809,0.488732325780147,-0.293607060896223,"1","0","0","1","0","1","1","0","0","1","0","1","0","0","0","0","1","1","1","0","1","0","0","1","0","0","1","0"
"Nelumbo_lutea",-1.78233831630211,2.06959468096912,-4.73822773953331,1.4258545914026,0,0.979358614916664,"1","0","0","1","0","1","1","0","1","0","0","0","0","1","1","0","0","1","0","0","0","1","1","1","0","0","1","0"
"Nelumbo_nucifera",-1.78233831630211,1.78191260851734,-4.73822773953331,1.61822648405006,0,1.58093860195112,"1","0","0","1","0","1","1","0","0","1","0","0","0","1","1","0","0","1","0","0","0","1","1","1","0","0","1","0"
"Nemesia_strumosa",-2.53499392675459,-2.53557550501897,-2.74973024272183,-0.866680165737942,0.949413789594985,-0.406935746203226,"1","0","0","1","0","1","0","1","0","1","0","0","0","1","1","0","0","1","0","1","0","0","0","1","0","0","1","0"
"Nepenthes_macfarlanei",-0.62235668178991,-2.31243195370476,-3.83286382527658,-0.396676536492206,0.727074745876388,-1.32322647807738,"0","1","1","0","1","0","1","0","0","1","0","1","0","1","0","0","1","0","1","1","1","0","0","1","0","0","1","0"
"Nicotiana_tabacum",-1.37687320819395,-2.31243195370476,-2.79596663431685,-1.08982371705215,1.07887930635794,0.123692504858944,"1","0","0","1","0","1","1","1","0","1","0","0","0","1","0","1","0","1","0","1","0","0","0","1","0","1","1","0"
"Nolana_humifusa",-2.82299189898471,-2.31243195370476,-2.17894034374911,0.989617824627684,1.07887930635794,-0.367715033049945,"1","0","0","1","0","1","0","1","0","1","0","0","0","1","0","0","1","1","0","1","0","0","1","1","0","0","1","0"
"Nothapodytes_nimmoniana",-1.0096371335146,-2.82325757747075,-4.04508055897337,-1.7829708976121,0.934309479305974,-1.54637002939159,"0","1","0","1","1","0","1","0","1","0","0","0","0","1","0","0","1","1","1","1","0","0","1","1","0","0","1","0"
"Nothofagus_dombeyi",-0.340192409163815,-1.57049460897538,-4.24419457250105,-0.752722957386741,0.753057755837842,-1.66646707234784,"0","1","0","1","0","1","1","0","0","1","0","1","0","0","0","0","1","0","1","0","1","0","0","1","0","0","0","1"
"Nuphar_advena",-2.45208746262211,1.27108698475135,-1.66064081023207,0.989617824627684,1.07887930635794,0.0630678830425091,"1","0","0","1","0","1","1","0","0","1","0","0","0","1","0","0","1","1","0","0","0","0","1","1","0","0","1","0"
"Nymphaea_odorata",-2.64606792764249,0.426255216859339,-0.0152745178888385,1.2292906778931,1.07887930635794,1.20250216623087,"1","0","0","1","0","1","1","0","0","1","0","0","0","1","0","0","1","1","0","1","0","0","0","1","1","0","1","0"
"Nymphoides_peltata",-2.40316483528243,-2.31243195370476,-2.51418824984793,-1.08982371705215,1.07887930635794,-0.0704635095820134,"1","0","0","1","0","1","1","0","1","1","0","0","0","1","1","0","0","1","0","1","0","0","1","1","0","0","1","0"
"Nyssa_ogeche",-0.707804599929796,-1.9069668455966,-4.45685121826767,-0.534343173912962,1.04183778350632,-1.57763030833892,"0","1","0","1","1","0","1","0","0","1","0","0","0","1","0","0","1","0","1","1","0","0","0","1","0","0","1","0"
"Ochroma_pyramidale",0.9257118848001,-1.05966898520939,-2.70058186633731,-0.173532985177997,1.07887930635794,1.279463207367,"0","1","0","1","0","1","1","0","0","1","0","0","0","1","0","0","1","1","0","1","0","0","0","1","1","0","1","1"
"Octoknema_borealis",-0.768419774947928,-2.31243195370476,-4.73822773953331,-0.684358608943988,1.02277758242732,-0.447757740723482,"0","1","0","1","1","0","1","0","0","1","0","0","0","1","0","0","1","0","1","1","0","0","0","1","0","0","1","0"
"Octomeles_sumatrana",-0.488737765451685,-2.05006768923727,-4.19443250761565,0.162939251443216,0.820667525702939,-2.01637365863733,"0","1","0","1","1","0","1","0","0","1","0","0","0","1","0","0","1","0","1","1","0","0","0","1","0","0","1","0"
"Olea_europaea",0.232564704240155,-3.22872268557892,-4.04508055897337,-1.08982371705215,0.885759910519867,-2.44715657472978,"0","1","0","1","0","1","1","0","0","1","0","1","0","0","0","0","1","1","1","0","1","0","0","1","0","0","1","1"
"Oryza_sativa",-2.47548549686205,-2.13011039691081,-4.73822773953331,-1.7829708976121,0.812396117687528,-1.42858699373521,"1","0","0","1","0","1","0","1","0","0","1","1","0","0","0","1","0","1","0","0","1","0","0","0","0","1","0","1"
"Ottelia_acuminata",-2.62358026189346,-1.57049460897538,-4.33348865900148,-0.684358608943988,1.04003965132905,-1.50261814217592,"1","0","0","1","1","0","1","0","0","1","0","0","0","1","0","0","1","0","1","1","0","0","0","1","0","0","1","0"
"Oxalis_corniculata",-2.88188344994508,-1.61928477314482,-2.792317590478,-0.173532985177997,1.07887930635794,-1.14090492128343,"1","0","0","1","0","1","1","1","0","1","0","0","0","1","0","0","1","1","0","1","0","0","1","1","0","0","1","0"
"Paeonia_californica",-3.07332249761768,0.532477430114647,-1.9050143954771,0.296470644067739,0,0.0630678830425091,"1","0","0","1","0","1","1","0","0","1","0","0","0","1","0","0","1","1","0","1","0","0","0","1","0","0","1","0"
"Panax_quinquefolius",-3.52530762136073,-2.31243195370476,-4.33276263142515,-1.08982371705215,1.07887930635794,-2.52719928240332,"1","0","0","1","0","1","1","0","1","0","0","0","0","1","0","0","1","1","1","1","0","0","0","1","0","0","0","1"
"Pandanus_tectorius",-0.866047584427954,-1.21381966503665,-4.73822773953331,0.680882342978071,0.498082613101916,-1.5397515220357,"0","1","0","1","1","0","1","0","0","1","0","1","0","1","1","0","1","0","1","0","1","0","0","1","0","0","1","1"
"Pennantia_corymbosa",-0.55161052879691,-2.31243195370476,-5.14369284764148,-0.684358608943988,1.07887930635794,-1.65179454264816,"0","1","0","1","1","0","1","0","0","1","0","0","0","1","0","0","1","0","1","1","0","0","0","1","0","0","1","1"
"Peritoma_arborea",-0.719640249110287,-2.13011039691081,-2.48693594092682,-1.7829708976121,0.960202582658565,-0.904516143219196,"0","1","0","1","0","1","1","1","0","1","0","0","0","1","0","0","1","1","0","1","0","0","0","0","0","1","1","0"
"Perrottetia_ovata",-0.443485307787574,-2.31243195370476,-3.35193337841342,-1.08982371705215,1.07887930635794,-1.71744357852658,"0","1","0","1","1","0","1","0","0","1","0","0","0","1","0","0","1","0","1","1","0","0","0","1","0","0","1","1"
"Petrosavia_sakuraii",-3.34777430776796,-2.13011039691081,-3.10600642461715,-0.684358608943988,1.0540650823117,-2.01637365863733,"1","0","0","1","0","1","1","0","0","0","1","0","0","1","0","0","1","1","0","1","0","0","0","1","0","0","1","0"
"Petunia_axillaris",-2.98631112062805,-2.53557550501897,-2.98013735963549,-1.08982371705215,1.04327628924813,0.724466365287874,"1","0","0","1","0","1","0","1","1","1","0","0","0","1","0","1","0","1","0","1","0","0","0","1","0","0","1","0"
"Peumus_boldus",-0.866047584427954,-0.271211624845122,-4.73822773953331,-0.173532985177997,0,-1.10032771512352,"0","1","0","1","1","0","1","0","0","1","0","1","0","0","0","0","1","0","1","0","1","0","0","1","0","0","1","1"
"Phelline_comosa",-0.523150820879294,-2.53557550501897,-4.73822773953331,-0.278893500835823,1.07887930635794,-1.58267350766889,"0","1","0","1","1","0","1","0","0","1","0","0","0","1","0","0","1","0","1","1","0","0","0","1","0","0","1","1"
"Phoenix_dactylifera",0.9257118848001,-2.13011039691081,-4.1340610101155,-0.684358608943988,0.860945686473635,-1.9825974923959,"0","1","0","1","1","0","1","0","0","1","0","1","0","1","0","0","1","0","1","0","1","0","0","1","0","0","1","1"
"Phormium_tenax",-2.76240522553211,-2.13011039691081,-2.64059078216992,-0.684358608943988,1.07564266843886,-0.00147063809506205,"1","0","0","1","0","1","1","0","0","1","0","0","0","1","0","0","1","1","0","1","0","0","0","0","0","1","1","0"
"Phragmites_australis",-0.807778676303979,-3.00557913426471,-4.73822773953331,-0.684358608943988,0.781108617803148,-1.92700062408459,"1","0","0","1","0","1","1","0","0","1","0","1","0","0","1","0","0","1","1","0","1","0","0","1","0","0","0","1"
"Phryma_leptostachya",-2.83216044080079,-2.53557550501897,-4.73822773953331,-1.08982371705215,1.07887930635794,-1.02663180691333,"1","0","0","1","0","1","1","0","0","1","0","0","0","1","0","0","1","1","0","1","0","0","0","0","0","1","1","0"
"Phyllanthus_niruri",-2.73261009524265,-2.82325757747075,-4.30239540988136,-1.00389874345224,1.05622284092442,-3.62581157107143,"1","0","0","1","0","1","0","1","0","1","0","0","0","1","0","0","1","0","1","1","0","0","0","1","0","0","1","0"
"Physena_madagascariensis",-0.234866488171793,-1.61928477314482,-4.73822773953331,-1.08982371705215,1.07887930635794,-1.95818934354589,"0","1","0","1","1","0","1","0","0","1","0","0","0","1","0","0","1","0","1","1","0","0","0","1","0","0","0","1"
"Picramnia_polyantha",-0.546691144434058,-2.21712177390044,-4.04508055897337,-1.08982371705215,1.07887930635794,-1.9389758587531,"0","1","0","1","1","0","1","0","0","1","0","0","0","1","0","0","1","0","1","1","0","0","0","1","0","0","1","0"
"Pinguicula_alpina",-3.14887949510106,-2.35211462157941,-3.7822331284503,-0.952204269835617,1.07240603051979,-1.447084841893,"1","0","0","1","0","1","1","0","0","1","0","0","0","1","0","0","1","1","0","1","0","0","0","1","0","0","1","0"
"Piper_amalago",-1.09404841976418,-2.31243195370476,-3.86628213546738,-1.07045650963426,1.07887930635794,-1.4026286986549,"0","1","0","1","0","1","1","0","0","1","0","0","0","1","0","0","1","1","0","1","0","0","0","1","0","0","1","0"
"Pittosporum_dasycaulon",-0.946228718192597,-2.31243195370476,-3.03347964729489,-1.00859823364487,1.07780042705158,-1.19219821567098,"0","1","0","1","0","1","1","0","0","1","0","0","0","1","0","0","1","1","1","0","0","0","1","0","0","1","1","0"
"Plantago_lanceolata",-4.51570632538861,-2.53557550501897,-3.9845529070877,-1.08982371705215,1.07887930635794,-2.23951720995154,"1","0","0","1","1","0","1","0","0","1","0","1","0","1","0","1","0","1","1","0","1","0","1","1","0","0","1","1"
"Platea_latifolia",-0.723609429258598,-2.31243195370476,-4.73822773953331,-1.08982371705215,1.07887930635794,-1.9555814080614,"0","1","0","1","1","0","1","0","0","1","0","0","0","1","0","0","1","0","1","1","0","0","0","1","0","0","0","1"
"Plocosperma_buxifolium",-0.907473584158426,-2.31243195370476,-4.33276263142515,-1.08982371705215,1.07887930635794,-1.54637002939159,"0","1","0","1","1","0","1","0","0","1","0","0","0","1","0","0","1","0","1","1","0","0","0","0","0","1","1","0"
"Plumbago_auriculata",-2.63800442635983,-2.31243195370476,-4.73822773953331,-1.7829708976121,0.951571548207701,-0.129304009604947,"0","1","0","1","0","1","1","0","0","1","0","0","0","1","0","0","1","1","0","1","0","0","0","1","0","0","1","0"
"Podophyllum_peltatum",-3.27399319307983,-1.21381966503665,-0.970075104524869,-1.7829708976121,0.914889651791531,0.286211434356719,"1","0","0","1","0","1","1","0","0","1","0","0","0","1","0","0","1","1","0","1","0","0","0","1","0","0","1","0"
"Poeppigia_procera",-1.22175179668182,-1.61928477314482,-2.65878619785348,-1.7829708976121,0.960202582658565,-0.535892937215733,"0","1","0","1","0","1","1","0","0","1","0","0","0","1","0","0","1","1","0","0","0","0","1","1","0","0","1","0"
"Polycarpon_tetraphyllum",-3.96714037363977,-2.91026895446038,-3.41264942045596,-1.00311556193153,1.05838059953714,-1.651741854923,"1","0","0","1","0","1","0","1","0","0","1","0","0","1","0","0","1","1","0","1","0","0","0","1","0","0","1","0"
"Polygala_lewtonii",-2.67480872573864,-1.84242832445902,-4.73822773953331,-1.08982371705215,1.06053835814985,-0.91208153069078,"1","0","0","1","0","1","1","0","0","1","0","0","0","1","0","0","1","1","0","1","0","0","0","0","0","1","1","0"
"Populus_alba",-0.255993759560805,-1.72464528880264,-4.36271518069116,-1.07503684965065,0.538360773872612,-1.65310410277714,"0","1","0","1","1","0","1","0","0","1","0","1","0","0","1","0","0","0","1","0","1","0","0","1","0","0","0","1"
"Portulaca_oleracea",-3.67945830118799,-1.67057806753237,-0.643883177311213,-0.278893500835823,1.07887930635794,-1.61090855052916,"1","0","0","1","0","1","0","1","0","0","1","0","0","1","0","0","1","1","0","1","0","0","0","1","0","0","1","0"
"Posidonia_australis",-3.67945830118799,-2.82325757747075,-4.73822773953331,-1.7829708976121,0.532966377340822,-1.85186294218633,"1","0","0","1","0","1","1","0","1","0","0","1","0","0","1","0","0","1","0","0","1","0","0","1","0","0","0","1"
"Posoqueria_latifolia",0.163571832753204,-2.31243195370476,-2.78388838564925,-1.08982371705215,1.07887930635794,-0.625204680239442,"0","1","0","1","0","1","1","0","0","1","0","0","0","1","0","0","1","1","0","1","0","0","0","0","0","1","1","0"
"Potamogeton_berchtoldii",-2.27700758519112,-2.53557550501897,-4.73822773953331,-0.396676536492206,0,-1.56949218620405,"1","0","0","1","0","1","1","1","0","1","0","1","0","0","1","0","0","0","1","0","1","0","0","1","0","0","0","1"
"Primula_sieboldii",-4.16288495076587,-2.31243195370476,-2.35893393515219,-0.173532985177997,1.07887930635794,-0.819538144241636,"1","0","0","1","0","1","1","0","0","1","0","0","0","1","0","1","0","1","0","1","0","0","0","1","0","0","1","0"
"Prionotes_cerinthoides",-2.88072079426211,-2.31243195370476,-2.33903359966998,-0.173532985177997,1.07887930635794,-0.523469562459178,"1","0","1","0","0","1","1","0","0","1","0","0","0","1","0","0","1","1","0","1","0","0","0","1","0","0","1","0"
"Prunus_persica",-0.529575347806742,-0.0932284696497657,-4.04508055897337,-1.7829708976121,0.755215514450557,-0.717948263032084,"0","1","0","1","0","1","1","0","1","1","0","0","0","1","0","0","1","1","0","1","0","0","0","1","0","0","1","0"
"Putranjiva_roxburghii",-0.50316937552534,-2.76919035620047,-4.04508055897337,-0.684358608943988,1.07887930635794,-1.79323010732312,"0","1","0","1","1","0","1","0","0","1","0","0","0","1","0","0","1","0","1","1","0","0","0","1","0","0","1","1"
"Qualea_grandiflora",0.00942115292594548,-3.92186986613886,-0.712876048798164,-0.684358608943988,1.07887930635794,-0.630079297517436,"0","1","0","1","0","1","1","0","0","1","0","0","0","1","1","0","0","1","0","1","0","0","0","0","0","1","1","0"
"Quercus_rubra",0.9257118848001,-2.13011039691081,-4.04508055897337,-0.684358608943988,0.825342669363823,-1.77385561829247,"0","1","0","1","0","1","1","0","0","1","0","1","0","0","0","0","1","0","1","0","1","0","0","1","0","0","0","1"
"Quinchamalium_chilense",-4.02429878747972,-2.31243195370476,-4.73822773953331,-1.7829708976121,0.924599565548753,-1.1388237550796,"1","0","0","1","0","1","1","0","0","1","0","0","0","1","0","0","1","1","0","1","0","0","0","1","0","0","1","0"
"Quintinia_hyehenensis",-0.642904033113745,-2.31243195370476,-3.9599601096723,-0.278893500835823,1.00947140431558,-2.01637365863733,"0","1","0","1","1","0","1","0","0","1","0","0","0","1","0","0","1","0","1","1","0","0","0","1","0","0","1","0"
"Ranunculus_acris",-3.02887073504684,0.17247469608324,-4.73822773953331,1.21276137594189,0,-0.55775863593781,"1","0","0","1","0","1","1","0","0","1","0","0","0","1","0","0","1","1","0","1","0","0","1","1","0","0","1","0"
"Ravenala_madagascariensis",0.127204188582329,-2.13011039691081,-2.21249909522506,-0.684358608943988,1.07887930635794,1.62121250108906,"0","1","0","1","0","1","1","0","0","1","0","0","0","1","0","0","1","1","0","1","0","0","1","0","0","1","1","0"
"Rhizophora_stylosa",0.127204188582329,-1.84242832445902,-4.04508055897337,-1.08982371705215,1.07887930635794,-1.51047437967547,"0","1","0","1","0","1","1","0","1","0","0","1","0","0","0","0","1","1","0","0","1","0","0","1","0","0","1","1"
"Ribes_aureum",-1.78233831630211,-2.31243195370476,-3.45714048583609,-1.08982371705215,1.04219740994177,-0.853222848831646,"0","1","0","1","0","1","1","0","0","1","0","0","0","1","0","0","1","1","0","1","0","0","0","1","0","0","1","0"
"Roridula_dentata",-1.78233831630211,-2.31243195370476,-4.73822773953331,-0.684358608943988,1.07887930635794,-0.406935746203226,"0","1","0","1","0","1","1","0","0","0","1","0","1","1","0","1","0","1","0","0","1","0","0","1","0","0","1","1"
"Roridula_gorgonias",-2.47548549686205,-2.31243195370476,-3.6396154508652,-0.684358608943988,1.07887930635794,-0.406935746203226,"1","1","0","1","0","1","1","0","0","0","1","0","1","1","0","1","0","1","0","0","1","0","0","1","0","0","1","1"
"Roupala_montana",-0.683726027634,-2.53557550501897,-4.04508055897337,-1.7829708976121,0.934309479305974,-1.57811872770617,"0","1","0","1","0","1","1","0","0","1","0","0","0","1","0","0","1","1","0","1","0","0","0","1","0","0","1","0"
"Rourea_induta",-1.08919113574216,-1.61928477314482,-3.69755445202831,-0.596057422071821,1.03248749618455,-1.22791629827306,"0","1","0","1","0","1","1","0","0","1","0","0","0","1","0","0","1","1","0","1","0","0","1","1","0","0","1","0"
"Ruta_graveolens",-2.47548549686205,-1.72464528880264,-3.35193337841342,-0.396676536492206,1.07887930635794,-1.28042950857831,"0","1","0","1","0","1","1","0","0","1","0","0","0","1","0","1","0","1","0","1","0","0","1","1","0","0","1","0"
"Sagina_procumbens",-4.08492340929616,-2.53557550501897,-1.96881960354376,-0.396676536492206,1.02061982381461,-2.93266439051148,"1","0","0","1","0","1","1","0","0","0","1","0","1","1","0","1","0","1","0","1","0","0","0","1","0","0","0","1"
"Sagittaria_latifolia",-3.02011865688802,-0.520672484476705,-1.98586470086112,0.00878857161595773,0.665668532022849,0.0630678830425091,"1","0","0","1","1","1","1","0","0","1","0","0","0","1","0","0","1","0","1","1","0","0","0","1","0","0","1","0"
"Salpiglossis_sinuata",-2.47548549686205,-2.53557550501897,-1.50769791513869,-1.08982371705215,1.07887930635794,0.381521614161044,"1","0","0","1","0","1","0","1","0","1","0","0","1","1","1","0","0","1","0","1","0","0","0","0","0","1","1","0"
"Santalum_spicatum",-0.849244221251356,-2.53557550501897,-2.82953363236046,-0.880709537622457,1.06809051329436,-0.850878813433611,"0","1","0","1","0","1","1","0","0","1","0","0","0","1","0","0","1","1","0","1","0","1","0","1","0","0","1","1"
"Sarracenia_purpurea",-3.86177985798195,0.252517403756776,0.9036793314048,-0.173532985177997,1.07887930635794,0.468532991150674,"1","0","0","1","0","1","1","0","0","1","0","0","0","1","0","1","0","1","0","1","0","0","0","1","0","0","1","1"
"Sauvagesia_rhodoleuca",-2.3357235544869,-2.31243195370476,-2.9443273589194,-0.684358608943988,1.02385646173368,-1.96758349446789,"0","1","0","1","0","1","1","0","0","1","0","0","0","1","1","0","0","1","0","1","0","0","0","1","0","0","1","0"
"Saxifraga_cernua",-4.33981565892495,-1.61928477314482,0.708509632132997,-1.08982371705215,0.755215514450557,1.38482372302483,"1","0","0","1","1","1","1","0","0","1","0","0","0","1","1","0","1","1","0","1","0","0","0","1","0","0","1","0"
"Scaevola_montana",-1.2898256517558,-1.98051244682511,-3.1292063076289,-0.78388356749458,1.05190732369899,-1.08046220250296,"0","1","0","1","0","1","1","0","0","1","0","0","0","1","0","0","1","1","0","1","0","0","0","1","0","0","1","0"
"Schinus_molle",-0.335419333365784,-1.61928477314482,-4.73822773953331,-0.684358608943988,1.07887930635794,-1.71896357084953,"0","1","0","1","1","0","1","0","0","1","0","0","0","1","1","0","1","0","1","1","0","0","0","1","0","0","1","1"
"Schisandra_chinensis",-2.76120422486116,-2.21712177390044,-3.82193700765916,1.51286596839223,0,-1.088756913492,"1","0","1","0","0","1","1","0","1","0","0","0","0","1","0","0","1","0","1","1","0","0","0","1","0","0","1","0"
"Schizanthus_grahamii",-3.168632677422,-3.22872268557892,-3.13947356661293,-1.08982371705215,1.07887930635794,-0.258515741084953,"1","0","0","1","0","1","0","1","1","0","0","0","0","1","1","0","0","1","0","1","0","0","0","0","0","1","1","0"
"Scleranthus_annuus",-4.47796599740576,-2.66910689764349,-4.73822773953331,-1.08982371705215,1.07887930635794,-3.22034646296326,"1","0","0","1","0","1","0","1","0","0","1","0","1","0","0","1","0","1","0","1","1","0","0","1","0","0","0","1"
"Sesamum_indicum",-2.2931639400681,-2.53557550501897,-2.36530497274178,-1.08982371705215,1.07887930635794,-0.447757740723482,"1","0","0","1","0","1","0","1","0","1","0","0","0","1","1","0","0","1","0","1","0","0","0","0","0","1","1","0"
"Sextonia_rubra",1.21339395725188,-1.72464528880264,-4.73822773953331,-1.7829708976121,0.831600169340699,-1.1534380904278,"0","1","0","1","0","1","1","0","0","1","0","0","0","1","0","0","1","1","0","0","0","1","0","1","0","0","1","0"
"Silene_vulgaris",-2.98631112062805,-1.61928477314482,-2.62969917075501,-0.765865507562397,1.07887930635794,-1.05299367387702,"1","0","0","1","1","0","1","0","1","0","0","0","0","1","1","0","0","1","1","1","0","1","0","1","0","1","1","0"
"Simmondsia_chinensis",-0.286337231094325,-1.61928477314482,-3.86574203725457,-0.684358608943988,1.07887930635794,-2.23951720995154,"0","1","0","1","1","0","1","0","0","1","0","1","0","0","1","0","1","0","1","0","1","0","0","1","0","0","1","1"
"Sinojackia_xylocarpa",-0.537597706992421,-1.35692050867732,-2.792317590478,-0.684358608943988,1.07887930635794,-0.763610690141959,"0","1","0","1","0","1","1","0","0","1","0","0","0","1","0","0","1","1","0","0","0","1","0","1","0","0","1","0"
"Solanum_dulcamara",-2.3357235544869,-2.31243195370476,-2.46168685997308,-1.08982371705215,1.07887930635794,-0.379243431080774,"1","0","1","1","0","1","1","0","1","0","0","0","0","1","0","0","1","1","0","0","0","0","1","1","0","0","1","0"
"Spergularia_marina",-4.08492340929616,-2.45553279734543,-0.00202929113881788,-0.99185313478547,1.00983103075103,-0.960030045689474,"1","0","0","1","0","1","0","1","0","0","1","0","1","0","1","0","0","1","0","1","0","0","0","1","0","0","1","1"
"Spigelia_marilandica",-3.27399319307983,-2.31243195370476,-1.29292843502202,-1.08982371705215,1.07887930635794,-0.00147063809506205,"1","0","0","1","0","1","1","0","0","1","0","0","0","1","0","0","1","1","0","1","0","0","0","1","0","0","1","1"
"Spiranthes_cernua",-3.67945830118799,-3.92186986613886,-1.34013212348642,-0.684358608943988,1.07887930635794,-0.501398424792603,"1","0","0","1","0","1","1","0","0","0","1","0","1","1","0","1","0","1","0","1","0","0","0","0","0","1","1","1"
"Spondias_tuberosa",-0.683726027634,-1.61928477314482,-4.73822773953331,-0.278893500835823,0.989332323930229,-1.32314061612494,"0","1","0","1","0","1","1","0","0","1","0","0","0","1","0","0","1","1","0","1","0","0","0","1","0","0","1","0"
"Staphylea_trifolia",-1.33685153384446,-2.31243195370476,-2.54100316219709,-0.866680165737942,1.07887930635794,-1.50955605626888,"0","1","0","1","0","1","1","0","0","1","0","0","0","1","0","0","1","1","0","1","0","0","1","1","0","0","1","1"
"Stellaria_media",-4.08492340929616,-2.21712177390044,-2.1439928919787,-0.794153176327455,1.05082844439263,-1.96758349446789,"1","0","0","1","0","1","1","1","0","0","1","0","1","1","0","1","0","1","0","1","0","0","0","1","0","0","1","1"
"Sterculia_apetala",1.07986256462736,-1.21381966503665,-2.34033246673494,-0.173532985177997,0.215775861271588,-0.630079297517436,"0","1","0","1","0","1","1","0","0","1","0","0","0","1","0","0","1","1","1","1","0","0","0","1","0","0","1","1"
"Stylidium_graminifolium",-2.81662601718368,-3.22872268557892,-0.238418069203048,-1.08982371705215,1.07887930635794,-1.32322647807738,"1","0","0","1","0","1","1","0","0","1","0","0","0","1","0","0","1","1","0","1","0","0","1","0","0","1","1","0"
"Swietenia_macrophylla",0.9257118848001,-1.61928477314482,-2.09917040991805,-0.173532985177997,1.07887930635794,-1.32322647807738,"0","1","0","1","0","1","1","0","0","1","0","0","0","1","0","0","1","0","1","1","0","0","0","1","0","0","1","1"
"Syringa_vulgaris",-0.683726027634,-3.22872268557892,-4.04508055897337,-1.08982371705215,1.07887930635794,-1.53227020855864,"0","1","0","1","0","1","1","0","0","1","0","0","0","1","0","0","1","1","0","1","0","0","1","1","0","0","1","0"
"Tacca_chantrieri",-2.76316756931384,-2.13011039691081,0.914261440735337,-0.769037725771922,1.02817197895911,-0.790123320463307,"1","0","0","1","0","1","1","0","0","0","1","0","1","1","0","0","1","1","0","1","0","0","0","1","0","0","1","1"
"Tacca_leontopetaloides",-2.47548549686205,-2.13011039691081,-1.60273352360416,-0.684358608943988,1.0465129271672,-1.15052736667338,"1","0","0","1","0","1","1","0","0","1","0","0","0","1","0","0","1","1","0","1","0","0","1","1","0","0","1","1"
"Talinum_paniculatum",-2.90626841295451,-1.16502950086722,-1.79378876036687,-0.684358608943988,0.912731893178815,-1.49757986522216,"1","0","0","1","0","1","1","0","0","1","0","0","0","1","0","0","1","1","0","1","0","0","1","1","0","0","1","0"
"Tectona_grandis",1.21339395725188,-2.13011039691081,-3.25809662002943,-0.674293533364003,0.961065686103651,-1.921063478833,"0","1","0","1","0","1","1","0","0","1","0","0","0","1","1","0","0","1","0","1","0","0","0","1","0","0","1","0"
"Tetracentron_sinense",1.21339395725188,-2.53557550501897,-2.94646827030526,-0.396676536492206,0.863103445086351,-3.22034646296326,"0","1","0","1","0","1","1","0","1","0","0","1","0","1","0","0","1","1","0","1","1","0","1","1","0","0","1","1"
"Tetratheca_aphylla",-1.83363161068966,-1.61928477314482,-4.73822773953331,-0.684358608943988,0.928915082774185,-1.37644254674295,"0","1","0","1","0","1","1","0","0","1","0","0","0","1","0","1","1","1","0","0","0","0","1","1","0","0","1","0"
"Tetroncium_magellanicum",-2.40659143940299,-2.53557550501897,-4.73822773953331,-0.396676536492206,0.323663791907382,-1.59756512715955,"1","0","0","1","1","0","1","0","0","1","0","0","0","1","0","0","1","0","1","1","0","0","1","0","1","0","1","0"
"Thalictrum_minus",-2.66785738950951,-1.39614122183061,-4.73822773953331,0.264721945753158,0,-1.67990142201611,"1","0","0","1","0","1","1","0","0","1","0","1","0","1","0","1","0","1","0","0","1","0","1","1","0","0","1","1"
"Theobroma_cacao",0.41488626103411,-2.31243195370476,-3.29135486312278,-0.173532985177997,1.07887930635794,-1.32322647807738,"0","1","0","1","0","1","1","0","1","1","0","0","0","1","0","0","1","1","0","1","0","0","0","1","0","0","1","0"
"Thymelaea_hirsuta",-2.00548186761632,-1.84242832445902,-4.73822773953331,-1.7829708976121,0.603093532254088,-0.263124044171146,"0","1","0","1","1","1","1","0","0","1","0","1","0","1","0","0","1","0","1","0","1","0","0","1","0","0","0","1"
"Titanotrichum_oldhamii",-2.76508724597413,-2.53557550501897,-2.85727903261765,-0.81270007587248,1.00983103075103,-0.0704635095820134,"1","0","0","1","0","1","1","0","0","1","0","0","0","1","0","0","1","1","0","1","0","0","1","0","0","1","1","0"
"Trachelium_caeruleum",-2.47548549686205,-2.31243195370476,-3.00014132839165,-0.671350287167957,0.985016806704797,-2.01637365863733,"1","0","0","1","0","1","1","0","0","1","0","0","0","1","0","1","0","1","0","1","0","0","1","1","0","0","1","0"
"Tragopogon_dubius",-2.83216044080079,-2.31243195370476,-4.73822773953331,-1.08982371705215,1.07887930635794,-1.20941873949443,"1","0","0","1","0","1","0","1","0","0","1","0","0","1","1","0","1","1","0","1","0","0","0","0","0","1","1","0"
"Tribulus_terrestris",-3.52530762136073,-1.61928477314482,-1.74249546597932,-0.173532985177997,1.07887930635794,-1.42858699373521,"1","0","0","1","0","1","0","1","0","1","0","0","0","1","0","0","1","1","0","1","0","0","1","1","0","0","1","0"
"Trichilia_emetica",0.9257118848001,-1.61928477314482,-4.04508055897337,-0.684358608943988,1.07887930635794,-0.853222848831646,"0","1","0","1","1","0","1","0","0","1","0","0","0","1","0","0","1","0","1","1","0","0","0","1","0","0","1","1"
"Trillium_erectum",-3.67945830118799,-2.13011039691081,-2.80490553287001,-0.684358608943988,1.00443663421924,-1.22481291243138,"1","0","0","1","0","1","1","0","1","1","0","0","0","1","0","0","1","1","0","1","0","0","1","1","0","0","1","1"
"Trithuria_submersa",-5.06575266230788,-3.92186986613886,-4.73822773953331,-1.7829708976121,0.823184910751107,-1.32322647807738,"1","0","0","1","0","1","0","1","0","0","1","1","0","0","0","1","0","0","1","0","1","0","0","1","0","0","1","0"
"Trochocarpa_laurina",-1.10504912539347,-1.61928477314482,-4.73822773953331,0.519614195381949,1.07887930635794,-2.70952083919727,"0","1","0","1","0","1","1","0","0","1","0","0","0","1","1","0","1","1","0","1","0","0","1","1","0","0","1","0"
"Tropaeolum_majus",-2.3798358915891,-1.84242832445902,-2.25312638860106,-0.674886554477573,1.03572413410362,0.169677618100767,"1","0","1","1","0","1","1","1","0","1","0","0","0","1","0","0","1","1","0","1","0","0","1","0","0","1","1","0"
"Tropaeolum_tricolor",-1.78233831630211,-1.84242832445902,-4.73822773953331,-0.684358608943988,1.07887930635794,-0.224614189409272,"1","0","0","1","0","1","1","0","0","1","0","0","0","1","0","0","1","1","0","1","0","0","1","0","0","1","1","0"
"Turnera_ulmifolia",-2.60901688948658,-2.31243195370476,1.48534010026035,-0.684358608943988,1.07887930635794,0.286211434356719,"0","1","0","1","0","1","1","0","0","1","1","0","0","1","0","0","1","1","0","1","0","0","0","1","0","0","1","0"
"Typha_latifolia",-1.66455528064573,-3.22872268557892,-4.73822773953331,-1.7829708976121,0.781108617803148,-1.71228392374611,"1","0","0","1","0","1","1","0","0","1","0","1","0","0","1","0","0","0","1","0","1","0","0","1","0","0","0","1"
"Urtica_dioica",-1.91586970892663,-2.53557550501897,-4.73822773953331,-1.7829708976121,0.733637928323399,-1.55853622698605,"1","0","0","1","1","0","1","0","0","1","0","1","0","0","0","0","1","0","1","0","1","0","0","1","1","0","0","1"
"Vaccinium_uliginosum",-2.98631112062805,-1.72464528880264,-3.43506673537919,-0.530207929116729,1.07887930635794,-1.83405210184337,"0","1","0","1","0","1","1","0","0","1","1","0","0","1","0","0","1","1","0","1","0","0","0","1","0","0","1","1"
"Valeriana_officinalis",-2.76316756931384,-2.82325757747075,-4.73822773953331,-0.684358608943988,0.93646723791869,-2.01637365863733,"1","0","0","1","0","1","1","0","0","1","0","0","0","1","1","0","0","1","0","1","0","0","1","0","1","0","1","0"
"Verbascum_thapsus",-1.78233831630211,-2.31243195370476,-3.44509579895412,-1.08982371705215,1.07887930635794,-0.917761369969217,"1","0","0","1","0","1","0","1","1","0","0","0","0","1","0","0","1","1","0","1","0","0","1","0","0","1","1","0"
"Veronica_anagallis-aquatica",-3.07332249761768,-3.22872268557892,-3.89085763722286,-1.08982371705215,0.952650427514059,-1.79323010732312,"1","0","0","1","0","1","1","0","0","0","1","1","0","1","1","0","0","1","0","0","1","0","0","0","0","1","1","0"
"Viburnum_rufidulum",-0.683726027634,-2.31243195370476,-3.71729831878341,-0.683837379775756,1.04867068577992,-1.78526193767394,"0","1","0","1","0","1","1","0","0","1","0","0","0","1","0","0","1","1","0","0","0","0","1","1","0","0","1","0"
"Viola_pubescens",-3.76646967817762,-2.31243195370476,-2.54100316219709,-0.684358608943988,1.07887930635794,-0.994563100018738,"1","0","0","1","0","1","1","0","1","0","0","0","1","1","0","1","1","1","0","1","0","0","1","0","0","1","1","0"
"Vitis_labrusca",-0.804715928537998,-2.31243195370476,-3.62441319328045,-0.567178299636185,1.02709309965276,-2.93266439051148,"0","1","1","0","0","1","1","0","0","1","0","0","0","1","0","0","1","1","0","1","0","0","0","1","0","0","1","0"
"Viviania_marifolia",-1.08919113574216,-1.61928477314482,-4.04508055897337,-0.684358608943988,1.07887930635794,-1.58398928701177,"1","0","0","1","0","1","1","0","0","1","0","0","0","1","0","0","1","1","0","1","0","0","0","1","0","0","1","0"
"Vriesea_carinata",-2.84668125012785,-2.13011039691081,-2.59218611818175,-0.684358608943988,1.05514396161806,-0.546587928346762,"1","0","0","1","0","1","1","0","1","0","0","0","0","1","0","1","0","1","0","1","0","0","1","1","0","1","1","0"
"Warburgia_ugandensis",-0.244868020389824,-1.61928477314482,-3.77089140465181,-0.173532985177997,1.07887930635794,-1.50372684258214,"0","1","0","1","0","1","1","0","0","1","0","0","0","1","0","0","1","1","0","1","0","0","0","1","0","0","1","1"
"Wurmbea_biglandulosa",-2.59264351857415,-2.13011039691081,-1.6701748043997,-0.684358608943988,1.06053835814985,-0.934568488285598,"1","0","0","1","1","1","1","0","0","1","0","0","0","1","0","1","0","1","1","1","0","0","0","1","0","0","1","0"
"Xanthosoma_sagittifolium",-1.78233831630211,-2.31243195370476,-1.1828796780439,-0.336051914675772,1.07887930635794,-0.948936695227308,"1","0","0","1","0","1","1","0","0","1","0","0","0","1","0","1","1","0","1","0","0","1","0","1","0","0","1","0"
"Ximenia_americana",-0.866047584427954,-1.92943970144865,-4.73822773953331,-0.396676536492206,1.04219740994177,-1.14090492128343,"0","1","0","1","0","1","1","0","0","1","0","0","0","1","1","0","1","1","0","1","0","0","0","1","0","0","1","1"
"Zea_mays",-1.29683050052041,-2.82325757747075,-4.73822773953331,-1.7829708976121,0.803765083236664,-1.61759753867996,"1","0","0","1","0","1","0","1","0","1","0","1","0","0","0","0","1","0","1","0","1","0","0","1","0","0","0","1"
"Zelkova_serrata",0.9257118848001,-1.97595971708355,-4.73822773953331,-1.08982371705215,0.758452152369631,-1.42858699373521,"0","1","0","1","0","1","1","0","0","1","0","1","0","0","0","0","1","1","1","0","1","0","0","1","0","0","0","1"
"Zostera_marina",-2.83216044080079,-3.92186986613886,-4.73822773953331,-1.08982371705215,0.74334784208062,-1.59901815656756,"1","0","0","1","0","1","1","0","1","0","0","1","0","0","1","0","0","0","1","0","1","0","0","1","0","0","0","1"
